2013-08-04,0.00587384
2013-08-05,0.00565258
2013-08-06,0.00466886
2013-08-07,0.00448605
2013-08-08,0.00419553
2013-08-09,0.00427738
2013-08-10,0.00431834
2013-08-11,0.00437208
2013-08-12,0.00439693
2013-08-13,0.0042276
2013-08-14,0.00384587
2013-08-15,0.00332756
2013-08-16,0.0029013
2013-08-17,0.00549521
2013-08-18,0.00619764
2013-08-19,0.00555976
2013-08-20,0.00606081
2013-08-21,0.00633807
2013-08-22,0.0059671
2013-08-23,0.0051352
2013-08-24,0.00552798
2013-08-25,0.00609973
2013-08-26,0.0064659
2013-08-27,0.00641998
2013-08-28,0.00634881
2013-08-29,0.00582002
2013-08-30,0.00604502
2013-08-31,0.00586333
2013-09-01,0.00580064
2013-09-02,0.00562712
2013-09-03,0.00567312
2013-09-04,0.005577
2013-09-05,0.00583863
2013-09-06,0.0059111
2013-09-07,0.006188
2013-09-08,0.00614238
2013-09-09,0.00618881
2013-09-10,0.00585396
2013-09-11,0.00608146
2013-09-12,0.00642623
2013-09-13,0.0065889
2013-09-14,0.00634135
2013-09-15,0.0064294
2013-09-16,0.00704318
2013-09-17,0.00961002
2013-09-18,0.0108464
2013-09-19,0.0111217
2013-09-20,0.0101137
2013-09-21,0.00974518
2013-09-22,0.0104008
2013-09-23,0.0100193
2013-09-24,0.010433
2013-09-25,0.0105899
2013-09-26,0.011676
2013-09-28,0.0143469
2013-09-29,0.0141405
2013-09-30,0.0110409
2013-10-01,0.0119368
2013-10-02,0.00930593
2013-10-03,0.00840092
2013-10-04,0.00946689
2013-10-05,0.0092795
2013-10-06,0.0103753
2013-10-07,0.00933073
2013-10-08,0.00971878
2013-10-09,0.00944168
2013-10-10,0.010089
2013-10-11,0.00906698
2013-10-12,0.00891616
2013-10-13,0.00889263
2013-10-14,0.00853884
2013-10-15,0.00798699
2013-10-16,0.00758473
2013-10-17,0.00776452
2013-10-18,0.00776709
2013-10-19,0.00729291
2013-10-20,0.00753032
2013-10-21,0.00674171
2013-10-22,0.00678454
2013-10-23,0.0074298
2013-10-24,0.00872816
2013-10-25,0.00693994
2013-10-26,0.00630711
2013-10-27,0.00664484
2013-10-28,0.0063276
2013-10-29,0.00593466
2013-10-30,0.00605789
2013-10-31,0.00599734
2013-11-01,0.00618308
2013-11-02,0.00653112
2013-11-03,0.00715258
2013-11-04,0.00719038
2013-11-05,0.0069937
2013-11-06,0.00775965
2013-11-07,0.00889267
2013-11-08,0.0105597
2013-11-09,0.00881359
2013-11-11,0.00837478
2013-11-12,0.00892624
2013-11-13,0.0105099
2013-11-14,0.00987478
2013-11-15,0.0096295
2013-11-16,0.00998194
2013-11-17,0.0103268
2013-11-18,0.0109638
2013-11-19,0.0082943
2013-11-20,0.00728586
2013-11-22,0.008754
2013-11-23,0.00995799
2013-11-25,0.0134786
2013-11-26,0.0230756
2013-11-27,0.0234877
2013-11-29,0.0297636
2013-11-30,0.0357765
2013-12-01,0.0527312
2013-12-02,0.0575158
2013-12-03,0.0491969
2013-12-04,0.0543969
2013-12-05,0.0541564
2013-12-06,0.0469207
2013-12-07,0.0346756
2013-12-08,0.034439
2013-12-09,0.0386676
2013-12-10,0.0437476
2013-12-11,0.0380613
2013-12-12,0.034566
2013-12-13,0.034352
2013-12-14,0.0322093
2013-12-15,0.0290606
2013-12-16,0.0234149
2013-12-17,0.0183658
2013-12-18,0.0168461
2013-12-19,0.0207833
2013-12-20,0.0214271
2013-12-21,0.0215525
2013-12-22,0.0220126
2013-12-23,0.0231614
2013-12-24,0.0225342
2013-12-25,0.0219629
2013-12-26,0.0243375
2013-12-27,0.0264432
2013-12-28,0.0273354
2013-12-29,0.0272621
2013-12-30,0.0276683
2013-12-31,0.0274381
2014-01-01,0.0270432
2014-01-02,0.028997
2014-01-03,0.0276943
2014-01-04,0.0280872
2014-01-05,0.0249197
2014-01-06,0.0255103
2014-01-07,0.0237737
2014-01-08,0.0231652
2014-01-09,0.0226096
2014-01-10,0.0225619
2014-01-11,0.0239417
2014-01-12,0.0221986
2014-01-13,0.0216556
2014-01-14,0.021214
2014-01-15,0.0222549
2014-01-16,0.0210663
2014-01-17,0.0204377
2014-01-18,0.0211652
2014-01-19,0.0213437
2014-01-20,0.0207658
2014-01-21,0.0199247
2014-01-22,0.0199726
2014-01-23,0.0191161
2014-01-24,0.0182854
2014-01-25,0.0185526
2014-01-26,0.0191786
2014-01-27,0.0204128
2014-01-28,0.0209537
2014-01-29,0.0204254
2014-01-30,0.0203404
2014-01-31,0.0203371
2014-02-01,0.0206331
2014-02-02,0.0208784
2014-02-03,0.0214641
2014-02-04,0.0214894
2014-02-05,0.0208163
2014-02-06,0.020027
2014-02-07,0.0183476
2014-02-08,0.0184492
2014-02-09,0.0173264
2014-02-10,0.0177394
2014-02-11,0.0182464
2014-02-12,0.0172474
2014-02-13,0.0167991
2014-02-14,0.0157666
2014-02-15,0.0159131
2014-02-16,0.0161888
2014-02-17,0.015269
2014-02-18,0.0153238
2014-02-19,0.0152173
2014-02-20,0.0153568
2014-02-21,0.0145808
2014-02-22,0.0147336
2014-02-23,0.0156294
2014-02-24,0.0149639
2014-02-25,0.0113426
2014-02-26,0.0137323
2014-02-27,0.0138436
2014-02-28,0.0141288
2014-03-01,0.0138003
2014-03-02,0.0136833
2014-03-03,0.0139152
2014-03-04,0.015657
2014-03-05,0.0158142
2014-03-06,0.0160143
2014-03-07,0.0152577
2014-03-08,0.0147279
2014-03-09,0.0145256
2014-03-10,0.0144892
2014-03-11,0.0147453
2014-03-12,0.0143696
2014-03-13,0.0143613
2014-03-14,0.0142599
2014-03-15,0.0143668
2014-03-16,0.0143675
2014-03-17,0.0140547
2014-03-18,0.0136943
2014-03-19,0.014008
2014-03-20,0.0136985
2014-03-21,0.0133853
2014-03-22,0.0129715
2014-03-23,0.0127485
2014-03-24,0.0125302
2014-03-25,0.0127123
2014-03-26,0.0127315
2014-03-27,0.0110146
2014-03-28,0.010733
2014-03-29,0.0105044
2014-03-30,0.00997515
2014-03-31,0.00905744
2014-04-01,0.008703062334
2014-04-02,0.0097215833
2014-04-03,0.007761346992
2014-04-04,0.0077431662
2014-04-05,0.008315735351
2014-04-06,0.008034656832
2014-04-07,0.00822231
2014-04-08,0.008324571024
2014-04-09,0.007809117842
2014-04-10,0.005791493235
2014-04-11,0.006044610157
2014-04-12,0.006057504
2014-04-13,0.00624084048
2014-04-14,0.006553316016
2014-04-15,0.006933243589
2014-04-16,0.00669919725
2014-04-17,0.006283824
2014-04-18,0.006460903512
2014-04-19,0.006806053855
2014-04-20,0.006271176197
2014-04-21,0.006232317245
2014-04-22,0.00606066625
2014-04-23,0.0060940625
2014-04-24,0.005975764197
2014-04-25,0.005542384936
2014-04-26,0.005277694
2014-04-27,0.004764587008
2014-04-28,0.0050813796
2014-04-29,0.0052128552
2014-04-30,0.005437860896
2014-05-01,0.005306364558
2014-05-02,0.005037857824
2014-05-03,0.005156315604
2014-05-04,0.004955631344
2014-05-05,0.00523472842
2014-05-06,0.006670311942
2014-05-07,0.006607072
2014-05-08,0.006687284857
2014-05-09,0.00604115955
2014-05-10,0.0059640159
2014-05-11,0.005894187383
2014-05-12,0.0059422407
2014-05-13,0.00640651825
2014-05-14,0.00733007055
2014-05-15,0.006956955
2014-05-16,0.00674424975
2014-05-17,0.006192902337
2014-05-18,0.00573035157
2014-05-19,0.0061209673
2014-05-20,0.006487452114
2014-05-21,0.00669617229
2014-05-22,0.002686206662
2014-05-23,0.00334090575
2014-05-24,0.003530981025
2014-05-25,0.003558604375
2014-05-26,0.004068944334
2014-05-27,0.0045216315
2014-05-28,0.004538133202
2014-05-29,0.0045164274
2014-05-30,0.003894589809
2014-05-31,0.00414494
2014-06-01,0.004474730283
2014-06-02,0.0038662549
2014-06-03,0.004451346561
2014-06-04,0.004135632285
2014-06-05,0.004218421
2014-06-06,0.0039825882
2014-06-07,0.003968903547
2014-06-08,0.004003373528
2014-06-09,0.0044558226
2014-06-10,0.004783547879
2014-06-11,0.004498462038
2014-06-12,0.00395320975
2014-06-13,0.00398437811
2014-06-14,0.004058423496
2014-06-15,0.0040546995
2014-06-16,0.0042305928
2014-06-17,0.004268322849000001
2014-06-18,0.004265581400000001
2014-06-19,0.0041537181
2014-06-20,0.004188999999999999
2014-06-21,0.004169
2014-06-22,0.00417
2014-06-23,0.004075999999999999
2014-06-24,0.00407
2014-06-25,0.00394
2014-06-26,0.004052000000000001
2014-06-27,0.003993
2014-06-28,0.003926
2014-06-29,0.004028
2014-06-30,0.003778999999999999
2014-07-01,0.00366
2014-07-02,0.003484
2014-07-03,0.003357
2014-07-04,0.003243
2014-07-05,0.003129
2014-07-06,0.002807
2014-07-07,0.003083
2014-07-08,0.003398
2014-07-09,0.003419
2014-07-10,0.003419000000000001
2014-07-11,0.003419
2014-07-12,0.003419
2014-07-13,0.003419
2014-07-14,0.003419
2014-07-15,0.003419
2014-07-16,0.003419
2014-07-17,0.003419
2014-07-18,0.00636
2014-07-19,0.005259000000000001
2014-07-20,0.005375999999999999
2014-07-21,0.005361
2014-07-22,0.005623
2014-07-23,0.006148
2014-07-24,0.005925999999999999
2014-07-25,0.006038999999999999
2014-07-26,0.006039000000000001
2014-07-27,0.006024000000000002
2014-07-28,0.006158999999999998
2014-07-29,0.006069999999999999
2014-07-30,0.005094
2014-07-31,0.005208
2014-08-01,0.005341
2014-08-02,0.005297
2014-08-03,0.005219
2014-08-04,0.004947
2014-08-05,0.005104
2014-08-06,0.005258
2014-08-07,0.005343000000000001
2014-08-08,0.005461000000000001
2014-08-09,0.005243000000000001
2014-08-10,0.004974
2014-08-11,0.005219
2014-08-12,0.005044999999999999
2014-08-13,0.004968999999999999
2014-08-14,0.005231
2014-08-15,0.005419999999999999
2014-08-16,0.005430000000000002
2014-08-17,0.005165999999999997
2014-08-18,0.004977000000000001
2014-08-19,0.005040999999999999
2014-08-20,0.005270999999999999
2014-08-21,0.005125
2014-08-22,0.005106
2014-08-23,0.005012999999999998
2014-08-24,0.005152000000000001
2014-08-25,0.004952
2014-08-26,0.004835000000000001
2014-08-27,0.005007999999999999
2014-08-28,0.005052999999999999
2014-08-29,0.005015
2014-08-30,0.004958
2014-08-31,0.004896000000000003
2014-09-01,0.005024
2014-09-02,0.004643
2014-09-03,0.004777000000000002
2014-09-04,0.004813
2014-09-05,0.004873000000000001
2014-09-06,0.004798
2014-09-07,0.004709999999999999
2014-09-08,0.004706
2014-09-09,0.004724999999999998
2014-09-10,0.004747
2014-09-11,0.004746
2014-09-12,0.004696
2014-09-13,0.004713
2014-09-14,0.005166
2014-09-15,0.005053000000000001
2014-09-16,0.005108999999999997
2014-09-17,0.005448999999999997
2014-09-18,0.005167
2014-09-19,0.004943
2014-09-20,0.004787
2014-09-21,0.004563999999999999
2014-09-22,0.004653
2014-09-23,0.004594999999999998
2014-09-24,0.004629
2014-09-25,0.004698999999999998
2014-09-26,0.004605999999999999
2014-09-27,0.004716000000000001
2014-09-28,0.005275999999999999
2014-09-29,0.004701999999999998
2014-09-30,0.004653999999999998
2014-10-01,0.004770000000000002
2014-10-02,0.004876
2014-10-03,0.004985999999999999
2014-10-04,0.004941
2014-10-05,0.004797999999999998
2014-10-06,0.004709
2014-10-07,0.004772000000000001
2014-10-08,0.004787
2014-10-09,0.004821
2014-10-10,0.004865999999999998
2014-10-11,0.004757999999999999
2014-10-12,0.004837000000000002
2014-10-13,0.004806000000000002
2014-10-14,0.004873000000000001
2014-10-15,0.004825000000000001
2014-10-16,0.004849000000000001
2014-10-17,0.004902999999999999
2014-10-18,0.004967000000000001
2014-10-19,0.004945999999999999
2014-10-20,0.005082
2014-10-21,0.005213999999999998
2014-10-22,0.005186999999999999
2014-10-23,0.005148000000000001
2014-10-24,0.005076000000000001
2014-10-25,0.004717
2014-10-26,0.004543999999999999
2014-10-27,0.004897
2014-10-28,0.004791999999999999
2014-10-29,0.004782000000000002
2014-10-30,0.004891
2014-10-31,0.004866000000000001
2014-11-01,0.004659
2014-11-02,0.004669
2014-11-03,0.004809
2014-11-04,0.004805000000000002
2014-11-05,0.004865
2014-11-06,0.004878
2014-11-07,0.004874000000000002
2014-11-08,0.004907
2014-11-09,0.004935000000000001
2014-11-10,0.004899000000000001
2014-11-11,0.004896
2014-11-12,0.005081999999999998
2014-11-13,0.005042999999999998
2014-11-14,0.005186999999999999
2014-11-15,0.005071999999999999
2014-11-16,0.005182000000000002
2014-11-17,0.00534
2014-11-18,0.005433000000000001
2014-11-19,0.005690999999999999
2014-11-20,0.006075
2014-11-21,0.006587
2014-11-22,0.007656
2014-11-23,0.008582999999999999
2014-11-24,0.008615999999999999
2014-11-25,0.009736
2014-11-26,0.010936
2014-11-27,0.013901
2014-11-28,0.015121
2014-11-29,0.014033
2014-11-30,0.011226
2014-12-01,0.012432
2014-12-02,0.013201
2014-12-03,0.013126
2014-12-04,0.013321
2014-12-05,0.013784
2014-12-06,0.01441
2014-12-07,0.014762
2014-12-08,0.013416
2014-12-09,0.015038
2014-12-10,0.015915
2014-12-11,0.016374
2014-12-12,0.016374
2014-12-13,0.016939
2014-12-14,0.01718
2014-12-15,0.018197
2014-12-16,0.021603
2014-12-17,0.025616
2014-12-18,0.027913
2014-12-19,0.023456
2014-12-20,0.022696
2014-12-21,0.022696
2014-12-22,0.025517
2014-12-23,0.024015
2014-12-24,0.023273
2014-12-25,0.024096
2014-12-26,0.02534
2014-12-27,0.024209
2014-12-28,0.023713
2014-12-29,0.024253
2014-12-30,0.024235
2014-12-31,0.024338
2015-01-01,0.02437599999999999
2015-01-02,0.024316
2015-01-03,0.02227
2015-01-04,0.018855
2015-01-05,0.02023
2015-01-06,0.02068
2015-01-07,0.02083
2015-01-08,0.020683
2015-01-09,0.020576
2015-01-10,0.019306
2015-01-11,0.018835
2015-01-12,0.018523
2015-01-13,0.01563
2015-01-14,0.014167
2015-01-15,0.016491
2015-01-16,0.016426
2015-01-17,0.015384
2015-01-18,0.015636
2015-01-19,0.015999
2015-01-20,0.016109
2015-01-21,0.016707
2015-01-22,0.016985
2015-01-23,0.016724
2015-01-24,0.016754
2015-01-25,0.016536
2015-01-26,0.015957
2015-01-27,0.015807
2015-01-28,0.014986
2015-01-29,0.014684
2015-01-30,0.014479
2015-01-31,0.014409
2015-02-01,0.014154
2015-02-02,0.01374
2015-02-03,0.01303
2015-02-04,0.013472
2015-02-05,0.014311
2015-02-06,0.015242
2015-02-07,0.014572
2015-02-08,0.014452
2015-02-09,0.014005
2015-02-10,0.013651
2015-02-11,0.013761
2015-02-12,0.014057
2015-02-13,0.014568
2015-02-14,0.015
2015-02-15,0.013711
2015-02-16,0.01379
2015-02-17,0.013988
2015-02-18,0.013767
2015-02-19,0.01377
2015-02-20,0.013504
2015-02-21,0.013278
2015-02-22,0.013132
2015-02-23,0.013333
2015-02-24,0.013398
2015-02-25,0.013413
2015-02-26,0.013293
2015-02-27,0.013434
2015-02-28,0.013025
2015-03-01,0.012271
2015-03-02,0.012145
2015-03-03,0.010593
2015-03-04,0.009903
2015-03-05,0.011531
2015-03-06,0.010873
2015-03-07,0.010579
2015-03-08,0.010461
2015-03-09,0.010688
2015-03-10,0.010113
2015-03-11,0.010081
2015-03-12,0.010354
2015-03-13,0.010539
2015-03-14,0.011083
2015-03-15,0.010828
2015-03-16,0.010973
2015-03-17,0.010917
2015-03-18,0.010557
2015-03-19,0.010491
2015-03-20,0.010441
2015-03-21,0.010182
2015-03-22,0.010197
2015-03-23,0.010298
2015-03-24,0.009800999999999999
2015-03-25,0.009135
2015-03-26,0.008749
2015-03-27,0.008933
2015-03-28,0.008868999999999998
2015-03-29,0.008869
2015-03-30,0.008869000000000002
2015-03-31,0.008868999999999998
2015-04-01,0.007641000000000002
2015-04-02,0.007909
2015-04-03,0.008722
2015-04-04,0.008848
2015-04-05,0.008715694919981358
2015-04-06,0.008788327970151857
2015-04-07,0.009064408383975521
2015-04-08,0.009189533246005677
2015-04-09,0.00888666255913638
2015-04-10,0.008442744208911487
2015-04-11,0.008387972430724547
2015-04-12,0.008594056986397886
2015-04-13,0.008228401594942432
2015-04-14,0.008136352347123307
2015-04-15,0.007900817257872218
2015-04-16,0.008050477353469115
2015-04-17,0.008050149236208089
2015-04-18,0.007861142998947666
2015-04-19,0.007762746644867719
2015-04-20,0.007933351712041925
2015-04-21,0.007952694474251346
2015-04-22,0.008031616463622767
2015-04-23,0.008020193942564629
2015-04-24,0.008080148672832249
2015-04-25,0.008073028705929767
2015-04-26,0.007717862819234071
2015-04-27,0.007758476098049905
2015-04-28,0.007611467784007144
2015-04-29,0.0078523238216183
2015-04-30,0.008027289938947508
2015-05-01,0.008026846000554278
2015-05-02,0.008060211786261562
2015-05-03,0.008037452712833376
2015-05-04,0.008017439047803823
2015-05-05,0.00791273220119792
2015-05-06,0.007813382689892399
2015-05-07,0.007523930849110949
2015-05-08,0.007538040510276415
2015-05-09,0.00756139188572524
2015-05-10,0.007368374746870193
2015-05-11,0.007359909245578439
2015-05-12,0.007213212823260088
2015-05-13,0.006881933213865562
2015-05-14,0.006603687356289217
2015-05-15,0.006658436587189894
2015-05-16,0.006585009035200739
2015-05-17,0.006322455119408812
2015-05-18,0.005737675303039967
2015-05-19,0.00653416424790994
2015-05-20,0.006627159716726888
2015-05-21,0.006559079827343915
2015-05-22,0.006589839970106282
2015-05-23,0.00676712257586565
2015-05-24,0.006801799740115262
2015-05-25,0.006909413251213477
2015-05-26,0.006780546825807394
2015-05-27,0.006896158680470815
2015-05-28,0.007778882879984845
2015-05-29,0.008963105046365402
2015-05-30,0.008380196188754822
2015-05-31,0.008246722113268736
2015-06-01,0.007592579644816288
2015-06-02,0.007862677190167427
2015-06-03,0.007983912437806131
2015-06-04,0.007864451778789307
2015-06-05,0.007948022096140508
2015-06-06,0.00789193269823127
2015-06-07,0.007870987736748795
2015-06-08,0.008005162065983763
2015-06-09,0.007996003052193322
2015-06-10,0.007996680534325286
2015-06-11,0.008042587104142771
2015-06-12,0.008057611744978403
2015-06-13,0.008094780605576949
2015-06-14,0.008140318709944637
2015-06-15,0.008561768631816284
2015-06-16,0.009298611010750505
2015-06-17,0.009556656845194855
2015-06-18,0.01020059171970494
2015-06-19,0.01115767266089562
2015-06-20,0.01098642844761723
2015-06-21,0.01028666312449787
2015-06-22,0.01046373313368803
2015-06-23,0.01063804477288864
2015-06-24,0.01087343563514102
2015-06-25,0.0110042974719809
2015-06-26,0.01124868762100243
2015-06-27,0.01150952591982353
2015-06-28,0.01149416524239019
2015-06-29,0.01195496375841879
2015-06-30,0.01137640253092015
2015-07-01,0.01121959344038718
2015-07-02,0.01103056827586975
2015-07-03,0.01109889724821585
2015-07-04,0.01078849006322878
2015-07-05,0.0100153553687335
2015-07-06,0.009870147833377902
2015-07-07,0.009565650699192208
2015-07-08,0.009400585626925242
2015-07-09,0.008864691606076464
2015-07-10,0.00883925382348939
2015-07-11,0.008497068693753274
2015-07-12,0.008574928556677954
2015-07-13,0.008518608878937111
2015-07-14,0.008613248415494029
2015-07-15,0.008478053192834427
2015-07-16,0.008094656561399433
2015-07-17,0.00801398043219724
2015-07-18,0.00805929560935875
2015-07-19,0.008082289009757694
2015-07-20,0.007934080554314398
2015-07-21,0.007698593990444714
2015-07-22,0.00756040674999458
2015-07-23,0.007476346922707203
2015-07-24,0.00767251620131232
2015-07-25,0.007876475156962343
2015-07-26,0.008108820515479193
2015-07-27,0.008544551363058954
2015-07-28,0.008435250495720286
2015-07-29,0.00849708468868579
2015-07-30,0.008481734414063758
2015-07-31,0.008439202147032542
2015-08-01,0.008232693081704098
2015-08-02,0.00822159357552843
2015-08-03,0.008279511103907336
2015-08-04,0.00825200116577702
2015-08-05,0.008217577780798598
2015-08-06,0.008012508867725452
2015-08-07,0.008138153045108112
2015-08-08,0.008449040428955402
2015-08-09,0.008808925581319757
2015-08-10,0.008743893939792828
2015-08-11,0.008637150943667715
2015-08-12,0.008325918815945802
2015-08-13,0.008168055016748704
2015-08-14,0.008327992873289896
2015-08-15,0.008445316562026831
2015-08-16,0.00831691650472027
2015-08-17,0.008296679271314783
2015-08-18,0.008120356500224368
2015-08-19,0.007745845975114368
2015-08-20,0.00786010580599616
2015-08-21,0.007870552972302807
2015-08-22,0.007707228356057179
2015-08-23,0.007557938748295688
2015-08-24,0.007374440323607787
2015-08-25,0.007119029973767294
2015-08-26,0.007468759986081865
2015-08-27,0.007542604736802668
2015-08-28,0.007409917584147742
2015-08-29,0.00773269225388287
2015-08-30,0.008051320191876135
2015-08-31,0.007880500307841397
2015-09-01,0.007798580429440231
2015-09-02,0.00767431059166881
2015-09-03,0.007402258932518582
2015-09-04,0.007331166489164983
2015-09-05,0.007848370197436
2015-09-06,0.00787030668829927
2015-09-07,0.007909554447554552
2015-09-08,0.007826766533838138
2015-09-09,0.007681691740786417
2015-09-10,0.007657431675408661
2015-09-11,0.008419
2015-09-12,0.008214
2015-09-13,0.008538
2015-09-14,0.007412000000000002
2015-09-15,0.007716000000000001
2015-09-16,0.007426
2015-09-17,0.007366999999999999
2015-09-18,0.007529
2015-09-19,0.007482
2015-09-20,0.007634999999999998
2015-09-21,0.007247000000000001
2015-09-22,0.007177000000000001
2015-09-23,0.006675000000000001
2015-09-24,0.006694
2015-09-25,0.006649
2015-09-26,0.006506
2015-09-27,0.006535999999999998
2015-09-28,0.006303999999999999
2015-09-29,0.005591999999999999
2015-09-30,0.005512
2015-10-01,0.005446000000000001
2015-10-02,0.005862
2015-10-03,0.005538999999999999
2015-10-04,0.00524
2015-10-05,0.005019
2015-10-06,0.005334
2015-10-07,0.005450999999999999
2015-10-08,0.005450999999999998
2015-10-09,0.005451
2015-10-10,0.005053
2015-10-11,0.005053000000000001
2015-10-12,0.005053
2015-10-13,0.005053
2015-10-14,0.005446000000000001
2015-10-15,0.005393999999999999
2015-10-16,0.005394999999999999
2015-10-17,0.005189
2015-10-18,0.004975
2015-10-19,0.005043999999999999
2015-10-20,0.004735
2015-10-21,0.004693999999999999
2015-10-22,0.004716
2015-10-23,0.004673
2015-10-24,0.004641
2015-10-25,0.004590000000000001
2015-10-26,0.004670000000000001
2015-10-27,0.004639999999999999
2015-10-28,0.004664
2015-10-29,0.004636999999999999
2015-10-30,0.004837
2015-10-31,0.004688000000000001
2015-11-01,0.004918000000000001
2015-11-02,0.005117
2015-11-03,0.005362000000000001
2015-11-04,0.004918999999999999
2015-11-05,0.004522000000000002
2015-11-06,0.004561
2015-11-07,0.004692999999999999
2015-11-08,0.004649
2015-11-09,0.004605999999999998
2015-11-10,0.004398999999999999
2015-11-11,0.004236000000000002
2015-11-12,0.004503000000000002
2015-11-13,0.004477000000000001
2015-11-14,0.004318
2015-11-15,0.004165000000000001
2015-11-16,0.004175999999999999
2015-11-17,0.004250999999999999
2015-11-18,0.004264
2015-11-19,0.004225999999999999
2015-11-20,0.004221000000000001
2015-11-21,0.004243000000000001
2015-11-22,0.004268000000000002
2015-11-23,0.004288
2015-11-24,0.004236999999999999
2015-11-25,0.004312999999999998
2015-11-26,0.00427
2015-11-27,0.004286999999999998
2015-11-28,0.004237000000000002
2015-11-29,0.004293000000000002
2015-11-30,0.004206000000000001
2015-12-01,0.004087000000000002
2015-12-02,0.004176999999999998
2015-12-03,0.004259999999999999
2015-12-04,0.004773
2015-12-05,0.005259000000000002
2015-12-06,0.005359999999999999
2015-12-07,0.005507999999999999
2015-12-08,0.006677000000000001
2015-12-09,0.008489999999999998
2015-12-10,0.008549
2015-12-11,0.008445000000000001
2015-12-12,0.008466
2015-12-13,0.008786999999999998
2015-12-14,0.007778000000000002
2015-12-15,0.006683999999999998
2015-12-16,0.006754
2015-12-17,0.006691999999999999
2015-12-18,0.006383999999999999
2015-12-19,0.006284000000000001
2015-12-20,0.00624
2015-12-21,0.006271
2015-12-22,0.006186999999999998
2015-12-23,0.006027999999999998
2015-12-24,0.005970999999999999
2015-12-25,0.006487999999999999
2015-12-26,0.006182000000000001
2015-12-27,0.006354999999999999
2015-12-28,0.006338000000000002
2015-12-29,0.006247999999999999
2015-12-30,0.006190000000000001
2015-12-31,0.006043000000000001
2016-01-01,0.005939999999999998
2016-01-02,0.006071999999999998
2016-01-03,0.006007999999999999
2016-01-04,0.005959999999999997
2016-01-05,0.006042
2016-01-06,0.006007999999999999
2016-01-07,0.006007999999999999
2016-01-08,0.005940999999999998
2016-01-09,0.005995000000000001
2016-01-10,0.005949999999999999
2016-01-11,0.005901000000000001
2016-01-12,0.005883000000000002
2016-01-13,0.005789000000000001
2016-01-14,0.005527
2016-01-15,0.005473999999999999
2016-01-16,0.00511
2016-01-17,0.005110000000000001
2016-01-18,0.005331
2016-01-19,0.005271
2016-01-20,0.005368999999999999
2016-01-21,0.005319000000000001
2016-01-22,0.005103999999999999
2016-01-23,0.005147000000000001
2016-01-24,0.005221999999999999
2016-01-25,0.005127000000000001
2016-01-26,0.005360000000000002
2016-01-27,0.005360000000000002
2016-01-28,0.006233999999999999
2016-01-29,0.006886999999999999
2016-01-30,0.006632
2016-01-31,0.006404999999999999
2016-02-01,0.006551000000000001
2016-02-02,0.006770000000000001
2016-02-03,0.006881000000000001
2016-02-04,0.006976999999999999
2016-02-05,0.007265
2016-02-06,0.007893
2016-02-07,0.008349
2016-02-08,0.007991
2016-02-09,0.007778000000000002
2016-02-10,0.007870000000000002
2016-02-11,0.007809999999999999
2016-02-12,0.007941
2016-02-13,0.008273999999999998
2016-02-14,0.008542
2016-02-15,0.008617
2016-02-16,0.008452000000000001
2016-02-17,0.008158999999999998
2016-02-18,0.007989
2016-02-19,0.008246999999999999
2016-02-20,0.008295000000000002
2016-02-21,0.008098000000000001
2016-02-22,0.008056999999999998
2016-02-23,0.007969999999999998
2016-02-24,0.008069
2016-02-25,0.008026999999999998
2016-02-26,0.008049
2016-02-27,0.007973999999999998
2016-02-28,0.007886999999999998
2016-02-29,0.007930000000000001
2016-03-01,0.007975000000000001
2016-03-02,0.008027999999999999
2016-03-03,0.008048000000000001
2016-03-04,0.008136
2016-03-05,0.007929000000000002
2016-03-06,0.007859000000000001
2016-03-07,0.007922
2016-03-08,0.007955
2016-03-09,0.008050000000000002
2016-03-10,0.008188000000000003
2016-03-11,0.008808000000000002
2016-03-12,0.008676
2016-03-13,0.008593999999999997
2016-03-14,0.008488
2016-03-15,0.008175000000000002
2016-03-16,0.008207
2016-03-17,0.008283000000000002
2016-03-18,0.008106000000000002
2016-03-19,0.008017999999999999
2016-03-20,0.007963999999999999
2016-03-21,0.008043000000000002
2016-03-22,0.008109
2016-03-23,0.008330000000000002
2016-03-24,0.008231000000000002
2016-03-25,0.008191999999999998
2016-03-26,0.008053000000000001
2016-03-27,0.008028999999999998
2016-03-28,0.007561000000000001
2016-03-29,0.007563
2016-03-30,0.007330000000000001
2016-03-31,0.007389000000000002
2016-04-01,0.007420999999999997
2016-04-02,0.007498000000000001
2016-04-03,0.007506000000000001
2016-04-04,0.007494
2016-04-05,0.007474000000000001
2016-04-06,0.007302000000000001
2016-04-07,0.006877
2016-04-08,0.006671000000000002
2016-04-09,0.006292
2016-04-10,0.005927
2016-04-11,0.006067999999999999
2016-04-12,0.005877
2016-04-13,0.005707
2016-04-14,0.006315
2016-04-15,0.006373
2016-04-16,0.006489000000000002
2016-04-17,0.0065
2016-04-18,0.006984000000000001
2016-04-19,0.00713
2016-04-20,0.007245000000000001
2016-04-21,0.007475000000000001
2016-04-22,0.00728
2016-04-23,0.007346999999999999
2016-04-24,0.007254
2016-04-25,0.007277
2016-04-26,0.007117
2016-04-27,0.006743
2016-04-28,0.006688999999999999
2016-04-29,0.006758000000000004
2016-04-30,0.006812999999999998
2016-05-01,0.006795999999999997
2016-05-02,0.006712999999999998
2016-05-03,0.006558999999999998
2016-05-04,0.006314
2016-05-05,0.006193000000000001
2016-05-06,0.006399999999999999
2016-05-07,0.006486
2016-05-08,0.006402999999999998
2016-05-09,0.006395999999999998
2016-05-10,0.006271
2016-05-11,0.006192
2016-05-12,0.006165999999999998
2016-05-13,0.006110000000000002
2016-05-14,0.006066999999999999
2016-05-15,0.006058000000000003
2016-05-16,0.006023000000000001
2016-05-17,0.006025
2016-05-18,0.006028
2016-05-19,0.006040000000000002
2016-05-20,0.006082
2016-05-21,0.005990999999999997
2016-05-22,0.005936
2016-05-23,0.005908
2016-05-24,0.005956
2016-05-25,0.005761
2016-05-26,0.005671
2016-05-27,0.005676
2016-05-28,0.005679000000000003
2016-05-29,0.005643999999999999
2016-05-30,0.005753999999999997
2016-05-31,0.005705000000000002
2016-06-01,0.005810000000000002
2016-06-02,0.005767
2016-06-03,0.005820999999999998
2016-06-04,0.005782999999999999
2016-06-05,0.005796
2016-06-06,0.005768999999999999
2016-06-07,0.005775999999999999
2016-06-08,0.005768999999999999
2016-06-09,0.005786
2016-06-10,0.00574
2016-06-11,0.005756
2016-06-12,0.005844
2016-06-13,0.005831
2016-06-14,0.006987
2016-06-15,0.006878
2016-06-16,0.006668999999999999
2016-06-17,0.006677999999999999
2016-06-18,0.006615
2016-06-19,0.006816
2016-06-20,0.006634
2016-06-21,0.006186999999999999
2016-06-22,0.006500999999999999
2016-06-23,0.006381
2016-06-24,0.006406
2016-06-25,0.006419
2016-06-26,0.006396
2016-06-27,0.006396999999999999
2016-06-28,0.006765
2016-06-29,0.006755999999999999
2016-06-30,0.006666
2016-07-01,0.006807999999999999
2016-07-02,0.006734
2016-07-03,0.006614
2016-07-04,0.00701
2016-07-05,0.006708
2016-07-06,0.006696
2016-07-07,0.006595000000000001
2016-07-08,0.006708000000000001
2016-07-09,0.006687
2016-07-10,0.006669999999999999
2016-07-11,0.006531000000000001
2016-07-12,0.006381
2016-07-13,0.006427999999999999
2016-07-14,0.006385
2016-07-15,0.00644
2016-07-16,0.006571999999999999
2016-07-17,0.006531999999999999
2016-07-18,0.006488
2016-07-19,0.006407000000000001
2016-07-20,0.006408999999999999
2016-07-21,0.006415999999999999
2016-07-22,0.006304999999999999
2016-07-23,0.006309000000000002
2016-07-24,0.006292999999999999
2016-07-25,0.006247
2016-07-26,0.006
2016-07-27,0.005968
2016-07-28,0.005974
2016-07-29,0.006112
2016-07-30,0.006122
2016-07-31,0.005956
2016-08-01,0.005909
2016-08-02,0.005692
2016-08-03,0.005653
2016-08-04,0.005818
2016-08-05,0.006444
2016-08-06,0.006352
2016-08-07,0.006177
2016-08-08,0.006026
2016-08-09,0.006167
2016-08-10,0.006200999999999999
2016-08-11,0.006190000000000002
2016-08-12,0.006131
2016-08-13,0.006089
2016-08-14,0.005993
2016-08-15,0.006034000000000001
2016-08-16,0.006138
2016-08-17,0.00611
2016-08-18,0.006104
2016-08-19,0.006103
2016-08-20,0.006119999999999999
2016-08-21,0.006049999999999999
2016-08-22,0.006
2016-08-23,0.006019
2016-08-24,0.006059
2016-08-25,0.006080999999999999
2016-08-26,0.006033
2016-08-27,0.005976
2016-08-28,0.005961
2016-08-29,0.006139999999999999
2016-08-30,0.006033
2016-08-31,0.006008
2016-09-01,0.00599
2016-09-02,0.005974
2016-09-03,0.005962
2016-09-04,0.005945
2016-09-05,0.005928
2016-09-06,0.005910999999999999
2016-09-07,0.005889
2016-09-08,0.005902
2016-09-09,0.005869000000000001
2016-09-10,0.005865999999999999
2016-09-11,0.005844
2016-09-12,0.005893999999999999
2016-09-13,0.005891999999999998
2016-09-14,0.005975
2016-09-15,0.008299
2016-09-16,0.007376
2016-09-17,0.007029999999999999
2016-09-18,0.006857
2016-09-19,0.006871999999999999
2016-09-20,0.006788
2016-09-21,0.006823
2016-09-22,0.006835
2016-09-23,0.007268
2016-09-24,0.007385
2016-09-25,0.007938999999999998
2016-09-26,0.00812
2016-09-27,0.008252999999999998
2016-09-28,0.009061
2016-09-29,0.00894
2016-09-30,0.008857000000000002
2016-10-01,0.0082
2016-10-02,0.008153
2016-10-03,0.008123
2016-10-04,0.00788
2016-10-05,0.007412
2016-10-06,0.007379
2016-10-07,0.007367
2016-10-08,0.007308
2016-10-09,0.007534
2016-10-10,0.007974
2016-10-11,0.008271
2016-10-12,0.007945
2016-10-13,0.007984
2016-10-14,0.008829
2016-10-15,0.008146
2016-10-16,0.008061
2016-10-17,0.008035
2016-10-18,0.008347
2016-10-19,0.008584
2016-10-20,0.009093
2016-10-21,0.009031
2016-10-22,0.008966
2016-10-23,0.009397
2016-10-24,0.00906
2016-10-25,0.008916
2016-10-26,0.008873999999999998
2016-10-27,0.008505
2016-10-28,0.008429999999999998
2016-10-29,0.007723
2016-10-30,0.007856
2016-10-31,0.008229
2016-11-01,0.008089999999999998
2016-11-02,0.008211
2016-11-03,0.008022
2016-11-04,0.008155
2016-11-05,0.00823
2016-11-06,0.008195000000000001
2016-11-07,0.008114
2016-11-08,0.008239
2016-11-09,0.008087
2016-11-10,0.008137
2016-11-11,0.008062
2016-11-12,0.008047
2016-11-13,0.008254
2016-11-14,0.008099
2016-11-15,0.007886
2016-11-16,0.007848
2016-11-17,0.007731
2016-11-18,0.007772
2016-11-19,0.007798
2016-11-20,0.007643999999999999
2016-11-21,0.007568
2016-11-22,0.007435999999999999
2016-11-23,0.007048999999999999
2016-11-24,0.006948
2016-11-25,0.006899999999999999
2016-11-26,0.007139999999999999
2016-11-27,0.007302
2016-11-28,0.007008
2016-11-29,0.006783
2016-11-30,0.006736999999999999
2016-12-01,0.006715999999999999
2016-12-02,0.006672
2016-12-03,0.006595
2016-12-04,0.006531
2016-12-05,0.006421999999999999
2016-12-06,0.006625999999999999
2016-12-07,0.006819999999999999
2016-12-08,0.007102999999999999
2016-12-09,0.007133999999999999
2016-12-10,0.006821
2016-12-11,0.006743
2016-12-12,0.006779
2016-12-13,0.006708999999999999
2016-12-14,0.006705
2016-12-15,0.006658
2016-12-16,0.006708999999999999
2016-12-17,0.006536
2016-12-18,0.006575
2016-12-19,0.006543
2016-12-20,0.006495
2016-12-21,0.006439
2016-12-22,0.006370999999999999
2016-12-23,0.006281
2016-12-24,0.006342
2016-12-25,0.006444
2016-12-26,0.006329
2016-12-27,0.006189
2016-12-28,0.006184
2016-12-29,0.006335999999999999
2016-12-30,0.006432
2016-12-31,0.006486999999999999
2017-01-01,0.006375999999999999
2017-01-02,0.006309
2017-01-03,0.006385
2017-01-04,0.006566
2017-01-05,0.006193999999999999
2017-01-06,0.00633
2017-01-07,0.006361
2017-01-08,0.006242
2017-01-09,0.006165
2017-01-10,0.006713
2017-01-11,0.006453999999999999
2017-01-12,0.006488
2017-01-13,0.006616
2017-01-14,0.006845
2017-01-15,0.006791000000000001
2017-01-16,0.006769999999999999
2017-01-17,0.006764
2017-01-18,0.006762999999999999
2017-01-19,0.007021999999999999
2017-01-20,0.006688999999999999
2017-01-21,0.006708
2017-01-22,0.006706
2017-01-23,0.006696
2017-01-24,0.0065650000000000005
2017-01-25,0.006519
2017-01-26,0.006674
2017-01-27,0.0064
2017-01-28,0.006349
2017-01-29,0.006398
2017-01-30,0.006372
2017-01-31,0.006335999999999999
2017-02-01,0.006492
2017-02-02,0.006466999999999999
2017-02-03,0.006500999999999999
2017-02-04,0.006479999999999999
2017-02-05,0.006446999999999997
2017-02-06,0.006445
2017-02-07,0.006477
2017-02-08,0.006427999999999999
2017-02-09,0.006301
2017-02-10,0.006297999999999998
2017-02-11,0.006344999999999999
2017-02-12,0.006278999999999999
2017-02-13,0.006243
2017-02-14,0.006281
2017-02-15,0.006101999999999999
2017-02-16,0.006042999999999999
2017-02-17,0.005902
2017-02-18,0.005565
2017-02-19,0.005873999999999999
2017-02-20,0.005777
2017-02-21,0.005777
2017-02-22,0.005777
2017-02-23,0.005777
2017-02-24,0.005701
2017-02-25,0.005664
2017-02-26,0.005669999999999999
2017-02-27,0.005612999999999999
2017-02-28,0.005541
2017-03-01,0.005376
2017-03-02,0.006027
2017-03-03,0.006311
2017-03-04,0.006326
2017-03-05,0.006254
2017-03-06,0.006067
2017-03-07,0.006577
2017-03-08,0.00649
2017-03-09,0.006533999999999999
2017-03-10,0.006226999999999999
2017-03-11,0.006244
2017-03-12,0.006243
2017-03-13,0.006391
2017-03-14,0.006342999999999999
2017-03-15,0.006311999999999999
2017-03-16,0.006236
2017-03-17,0.00613
2017-03-18,0.006786999999999999
2017-03-19,0.006928
2017-03-20,0.007017999999999999
2017-03-21,0.006914
2017-03-22,0.007324
2017-03-23,0.009612
2017-03-24,0.010743
2017-03-25,0.009137
2017-03-26,0.009513000000000002
2017-03-27,0.009435
2017-03-28,0.009529
2017-03-29,0.009945
2017-03-30,0.014072
2017-03-31,0.020393999999999995
2017-04-01,0.022594
2017-04-02,0.054541
2017-04-03,0.033204
2017-04-04,0.037085
2017-04-05,0.035739
2017-04-06,0.032284
2017-04-07,0.036571
2017-04-08,0.035784
2017-04-09,0.034937
2017-04-10,0.033786
2017-04-11,0.033199
2017-04-12,0.034151
2017-04-13,0.034256
2017-04-14,0.033867
2017-04-15,0.034001
2017-04-16,0.033424
2017-04-17,0.033701
2017-04-18,0.033259
2017-04-19,0.029687
2017-04-20,0.029851
2017-04-21,0.032739
2017-04-22,0.031714
2017-04-23,0.031088
2017-04-24,0.03139
2017-04-25,0.032263
2017-04-26,0.032754
2017-04-27,0.034555
2017-04-28,0.044695
2017-04-29,0.055114
2017-04-30,0.051487
2017-05-01,0.053275
2017-05-02,0.054064
2017-05-03,0.060929
2017-05-04,0.080567
2017-05-05,0.092864
2017-05-06,0.102521
2017-05-07,0.137873
2017-05-08,0.201431
2017-05-09,0.160441
2017-05-10,0.187175
2017-05-11,0.182093
2017-05-12,0.204731
2017-05-13,0.214357
2017-05-14,0.221262
2017-05-15,0.261789
2017-05-16,0.339733
2017-05-17,0.405379
2017-05-18,0.363136
2017-05-19,0.341917
2017-05-20,0.353756
2017-05-21,0.338757
2017-05-22,0.316974
2017-05-23,0.332185
2017-05-24,0.303762
2017-05-25,0.250816
2017-05-26,0.271538
2017-05-27,0.213315
2017-05-28,0.231631
2017-05-29,0.230942
2017-05-30,0.205543
2017-05-31,0.247677
2017-06-01,0.333491
2017-06-02,0.304602
2017-06-03,0.282311
2017-06-04,0.297987
2017-06-05,0.294139
2017-06-06,0.285504
2017-06-07,0.282413
2017-06-08,0.289515
2017-06-09,0.286557
2017-06-10,0.261162
2017-06-11,0.272619
2017-06-12,0.254826
2017-06-13,0.266639
2017-06-14,0.277881
2017-06-15,0.258172
2017-06-16,0.262451
2017-06-17,0.26828
2017-06-18,0.284225
2017-06-19,0.290239
2017-06-20,0.325172
2017-06-21,0.292925
2017-06-22,0.299346
2017-06-23,0.320574
2017-06-24,0.310808
2017-06-25,0.298092
2017-06-26,0.275927
2017-06-27,0.27538
2017-06-28,0.2809
2017-06-29,0.269185
2017-06-30,0.262806
2017-07-01,0.255292
2017-07-02,0.259801
2017-07-03,0.259848
2017-07-04,0.254387
2017-07-05,0.255837
2017-07-06,0.254885
2017-07-07,0.239652
2017-07-08,0.236171
2017-07-09,0.234352
2017-07-10,0.20535
2017-07-11,0.186181
2017-07-12,0.205163
2017-07-13,0.202281
2017-07-14,0.189839
2017-07-15,0.171654
2017-07-16,0.144688
2017-07-17,0.176842
2017-07-18,0.18925
2017-07-19,0.16227
2017-07-20,0.187339
2017-07-21,0.182354
2017-07-22,0.19439
2017-07-23,0.194755
2017-07-24,0.191998
2017-07-25,0.176387
2017-07-26,0.173817
2017-07-27,0.173468
2017-07-28,0.165379
2017-07-29,0.168693
2017-07-30,0.165704
2017-07-31,0.167145
2017-08-01,0.17656
2017-08-02,0.173609
2017-08-03,0.174492
2017-08-04,0.174084
2017-08-05,0.184159
2017-08-06,0.180304
2017-08-07,0.178999
2017-08-08,0.191757
2017-08-09,0.183649
2017-08-10,0.180664
2017-08-11,0.179888
2017-08-12,0.17429
2017-08-13,0.168459
2017-08-14,0.17043
2017-08-15,0.162467
2017-08-16,0.160204
2017-08-17,0.160787
2017-08-18,0.158533
2017-08-19,0.155775
2017-08-20,0.159505
2017-08-21,0.193611
2017-08-22,0.24087
2017-08-23,0.248587
2017-08-24,0.220536
2017-08-25,0.218694
2017-08-26,0.212467
2017-08-27,0.203322
2017-08-28,0.223638
2017-08-29,0.218175
2017-08-30,0.22681
2017-08-31,0.254085
2017-09-01,0.249645
2017-09-02,0.22457
2017-09-03,0.228848
2017-09-04,0.206462
2017-09-05,0.216226
2017-09-06,0.22686
2017-09-07,0.223218
2017-09-08,0.211528
2017-09-09,0.210045
2017-09-10,0.212904
2017-09-11,0.214914
2017-09-12,0.20922
2017-09-13,0.200845
2017-09-14,0.164177
2017-09-15,0.181167
2017-09-16,0.178489
2017-09-17,0.178507
2017-09-18,0.189366
2017-09-19,0.183936
2017-09-20,0.18244
2017-09-21,0.171347
2017-09-22,0.173483
2017-09-23,0.177651
2017-09-24,0.175581
2017-09-25,0.181323
2017-09-26,0.187749
2017-09-27,0.203149
2017-09-28,0.196986
2017-09-29,0.193591
2017-09-30,0.196932
2017-10-01,0.203369
2017-10-02,0.202849
2017-10-03,0.203454
2017-10-04,0.213899
2017-10-05,0.236733
2017-10-06,0.233753
2017-10-07,0.238596
2017-10-08,0.279843
2017-10-09,0.249302
2017-10-10,0.259381
2017-10-11,0.264808
2017-10-12,0.250161
2017-10-13,0.259367
2017-10-14,0.258943
2017-10-15,0.265509
2017-10-16,0.255936
2017-10-17,0.226969
2017-10-18,0.219275
2017-10-19,0.213848
2017-10-20,0.210527
2017-10-21,0.207555
2017-10-22,0.203929
2017-10-23,0.198939
2017-10-24,0.207547
2017-10-25,0.204953
2017-10-26,0.203689
2017-10-27,0.202493
2017-10-28,0.20161
2017-10-29,0.202587
2017-10-30,0.202776
2017-10-31,0.200793
2017-11-01,0.194131
2017-11-02,0.205095
2017-11-03,0.208601
2017-11-04,0.204145
2017-11-05,0.202402
2017-11-06,0.206486
2017-11-07,0.209832
2017-11-08,0.216912
2017-11-09,0.217419
2017-11-10,0.206187
2017-11-11,0.210117
2017-11-12,0.196401
2017-11-13,0.203654
2017-11-14,0.20995
2017-11-15,0.212758
2017-11-16,0.223418
2017-11-17,0.227181
2017-11-18,0.228036
2017-11-19,0.230733
2017-11-20,0.239804
2017-11-21,0.232854
2017-11-22,0.238634
2017-11-23,0.245077
2017-11-24,0.24466
2017-11-25,0.253218
2017-11-26,0.249117
2017-11-27,0.253946
2017-11-28,0.298582
2017-11-29,0.240521
2017-11-30,0.250447
2017-12-01,0.255387
2017-12-02,0.255487
2017-12-03,0.251969
2017-12-04,0.252982
2017-12-05,0.245933
2017-12-06,0.23525
2017-12-07,0.222823
2017-12-08,0.251643
2017-12-09,0.244248
2017-12-10,0.238779
2017-12-11,0.250616
2017-12-12,0.379427
2017-12-13,0.478039
2017-12-14,0.865028
2017-12-15,0.76057
2017-12-16,0.762863
2017-12-17,0.729334
2017-12-18,0.776894
2017-12-19,0.792545
2017-12-20,0.774137
2017-12-21,1.15914
2017-12-22,1.10586
2017-12-23,1.17695
2017-12-24,1.0328
2017-12-25,1.12038
2017-12-26,1.18401
2017-12-27,1.40645
2017-12-28,1.43294
2017-12-29,2.20813
2017-12-30,2.17644
2017-12-31,2.28004
2018-01-01,2.31012
2018-01-02,2.45529
2018-01-03,3.12571
2018-01-04,3.22005
2018-01-05,2.93138
2018-01-06,3.09163
2018-01-07,3.39845
2018-01-08,2.4485
2018-01-09,2.14126
2018-01-10,1.95614
2018-01-11,1.93361
2018-01-12,2.02577
2018-01-13,2.0225
2018-01-14,1.86561
2018-01-15,1.66706
2018-01-16,1.19515
2018-01-17,1.29116
2018-01-18,1.61161
2018-01-19,1.54157
2018-01-20,1.58205
2018-01-21,1.38127
2018-01-22,1.30411
2018-01-23,1.34234
2018-01-24,1.33309
2018-01-25,1.30965
2018-01-26,1.21336
2018-01-27,1.23119
2018-01-28,1.41666
2018-01-29,1.31967
2018-01-30,1.31231
2018-01-31,1.13747
2018-02-01,1.14397
2018-02-02,0.958196
2018-02-03,0.896766
2018-02-04,0.919951
2018-02-05,0.840231
2018-02-06,0.692773
2018-02-07,0.779269
2018-02-08,0.732428
2018-02-09,0.777794
2018-02-10,0.929139
2018-02-11,1.08609
2018-02-12,1.0132
2018-02-13,1.09286
2018-02-14,1.02514
2018-02-15,1.14767
2018-02-16,1.14836
2018-02-17,1.14125
2018-02-18,1.21041
2018-02-19,1.12868
2018-02-20,1.14499
2018-02-21,1.09852
2018-02-22,0.949136
2018-02-23,0.95568
2018-02-24,0.999782
2018-02-25,0.949314
2018-02-26,0.95122
2018-02-27,0.961025
2018-02-28,0.953311
2018-03-01,0.90914
2018-03-02,0.931663
2018-03-03,0.914247
2018-03-04,0.904932
2018-03-05,1.01533
2018-03-06,0.957767
2018-03-07,0.916863
2018-03-08,0.876384
2018-03-09,0.827276
2018-03-10,0.845867
2018-03-11,0.802784
2018-03-12,0.831416
2018-03-13,0.8032
2018-03-14,0.788572
2018-03-15,0.700401
2018-03-16,0.703766
2018-03-17,0.697978
2018-03-18,0.648311
2018-03-19,0.661157
2018-03-20,0.73457
2018-03-21,0.70411
2018-03-22,0.691842
2018-03-23,0.660199
2018-03-24,0.637919
2018-03-25,0.64259
2018-03-26,0.642111
2018-03-27,0.600615
2018-03-28,0.579457
2018-03-29,0.578339
2018-03-30,0.512946
2018-03-31,0.509616
2018-04-01,0.51199
2018-04-02,0.485634
2018-04-03,0.499772
2018-04-04,0.560281
2018-04-05,0.502687
2018-04-06,0.498358086117181
2018-04-07,0.475235073686693
2018-04-08,0.48796101525009716
2018-04-09,0.4991247346125835
2018-04-10,0.49243672165957736
2018-04-11,0.492965904546552
2018-04-12,0.5403846415674554
2018-04-13,0.6252226794383534
2018-04-14,0.6350362834715515
2018-04-15,0.6309482496476118
2018-04-16,0.6798732655156434
2018-04-17,0.6630442960055803
2018-04-18,0.6565748513426256
2018-04-19,0.7053496440989777
2018-04-20,0.7899012376166655
2018-04-21,0.93038518462274
2018-04-22,0.872205703050071
2018-04-23,0.8692469938830634
2018-04-24,0.87502474491746
2018-04-25,0.9401980864874295
2018-04-26,0.7953002558454108
2018-04-27,0.8515961170691477
2018-04-28,0.8136501615907
2018-04-29,0.861026768377713
2018-04-30,0.8706406027493231
2018-05-01,0.8353429408829374
2018-05-02,0.8373001268002688
2018-05-03,0.855396090439297
2018-05-04,0.887598644589682
2018-05-05,0.8938443947004426
2018-05-06,0.9041918053424821
2018-05-07,0.8715255463137187
2018-05-08,0.8313793091170872
2018-05-09,0.8122589941124547
2018-05-10,0.8002862741916879
2018-05-11,0.7555703576735637
2018-05-12,0.6861705452686968
2018-05-13,0.6978208341001307
2018-05-14,0.7458698874391296
2018-05-15,0.7417097145733362
2018-05-16,0.6972161198829727
2018-05-17,0.7135938643471674
2018-05-18,0.6670501177156759
2018-05-19,0.6795148512493371
2018-05-20,0.6740308522634255
2018-05-21,0.6978465715801341
2018-05-22,0.6802212770529341
2018-05-23,0.6452086140185985
2018-05-24,0.6011985500843849
2018-05-25,0.6316376227983644
2018-05-26,0.6117224805821483
2018-05-27,0.6123489388672598
2018-05-28,0.6066559739739604
2018-05-29,0.5518930700208218
2018-05-30,0.6014789740983263
2018-05-31,0.6053633793737994
2018-06-01,0.6132001460199593
2018-06-02,0.6227891584207793
2018-06-03,0.6411219825666228
2018-06-04,0.6791204356358016
2018-06-05,0.6618939313238894
2018-06-06,0.6758379731331133
2018-06-07,0.6733903685203042
2018-06-08,0.6754460008823177
2018-06-09,0.6722952672207965
2018-06-10,0.6542822794202005
2018-06-11,0.585695519156141
2018-06-12,0.6048890795121539
2018-06-13,0.5638768679967714
2018-06-14,0.5351623503897837
2018-06-15,0.560357300470539
2018-06-16,0.534229404808742
2018-06-17,0.5338467085676655
2018-06-18,0.5256089842812864
2018-06-19,0.5360366600338907
2018-06-20,0.5479882365286848
2018-06-21,0.5376038877861932
2018-06-22,0.5336605585468722
2018-06-23,0.488395409922676
2018-06-24,0.492234104157626
2018-06-25,0.4776674513480335
2018-06-26,0.4813881402171685
2018-06-27,0.45544959291621323
2018-06-28,0.4696914370950493
2018-06-29,0.44918968776276375
2018-06-30,0.4531321565940195
2018-07-01,0.4650056508316145
2018-07-02,0.4594759775288301
2018-07-03,0.4859413788865257
2018-07-04,0.48352484797536144
2018-07-05,0.48893090030818254
2018-07-06,0.47642423241202114
2018-07-07,0.47789812889261
2018-07-08,0.4841518656913012
2018-07-09,0.47697862897457227
2018-07-10,0.4725777304555357
2018-07-11,0.44489385762341305
2018-07-12,0.4490359413004713
2018-07-13,0.43582934884153135
2018-07-14,0.437947096778111
2018-07-15,0.43841298709113163
2018-07-16,0.44565990446836257
2018-07-17,0.48158496916250987
2018-07-18,0.5041827999420894
2018-07-19,0.4841949598838564
2018-07-20,0.4755518895242561
2018-07-21,0.4459423273280479
2018-07-22,0.4541505104533904
2018-07-23,0.44875320806011076
2018-07-24,0.4450601835926384
2018-07-25,0.4580777946748731
2018-07-26,0.45866430297770966
2018-07-27,0.4487912781165996
2018-07-28,0.452254668556906
2018-07-29,0.45454442284945107
2018-07-30,0.4528507343740088
2018-07-31,0.4465192649086967
2018-08-01,0.43543457562142046
2018-08-02,0.44729845576933375
2018-08-03,0.4311476932093057
2018-08-04,0.4409187818195647
2018-08-05,0.43004948561222806
2018-08-06,0.43447367117237534
2018-08-07,0.4133342092283022
2018-08-08,0.38018655211349806
2018-08-09,0.3317368870611741
2018-08-10,0.3462053831045791
2018-08-11,0.320764594563243
2018-08-12,0.30066296993965713
2018-08-13,0.29711500180609407
2018-08-14,0.27917264750023035
2018-08-15,0.2739365573815652
2018-08-16,0.2816796138691155
2018-08-17,0.29235691031813965
2018-08-18,0.3659425085627602
2018-08-19,0.32636428053985966
2018-08-20,0.3437034751291751
2018-08-21,0.31849139623777956
2018-08-22,0.33463304246761144
2018-08-23,0.3193222552345032
2018-08-24,0.3274691863814143
2018-08-25,0.32729258279553575
2018-08-26,0.32802231307315555
2018-08-27,0.32358914015941737
2018-08-28,0.3383181301154409
2018-08-29,0.35239789363432517
2018-08-30,0.34466053251451045
2018-08-31,0.33556185746703293
2018-09-01,0.33551950320835444
2018-09-02,0.34798281799922076
2018-09-03,0.34265406398759846
2018-09-04,0.3357545478069385
2018-09-05,0.3308121774807694
2018-09-06,0.2814681761478718
2018-09-07,0.30148935196335885
2018-09-08,0.2893650523023391
2018-09-09,0.2745819954620263
2018-09-10,0.27749808014040456
2018-09-11,0.2688117095167822
2018-09-12,0.26383639351660326
2018-09-13,0.27015110727100333
2018-09-14,0.28081593329265214
2018-09-15,0.2768805465013173
2018-09-16,0.28188391766658527
2018-09-17,0.28120383977383406
2018-09-18,0.2713479055110803
2018-09-19,0.32195017453398533
2018-09-20,0.3260046139961996
2018-09-21,0.449615904974841
2018-09-22,0.5654185509177353
2018-09-23,0.573448623200497
2018-09-24,0.572512681200384
2018-09-25,0.4944318777867952
2018-09-26,0.5281232616151041
2018-09-27,0.5149985655194846
2018-09-28,0.5423211153226617
2018-09-29,0.5401109786282969
2018-09-30,0.5716408695349071
2018-10-01,0.5816127502591653
2018-10-02,0.5773829319341285
2018-10-03,0.5166624976780154
2018-10-04,0.528511843960709
2018-10-05,0.527541728201008
2018-10-06,0.5197527810802645
2018-10-07,0.4886787856592851
2018-10-08,0.4830676900010518
2018-10-09,0.4911823601582122
2018-10-10,0.480255630265831
2018-10-11,0.4631301956076673
2018-10-12,0.3827658983132607
2018-10-13,0.42127858425725245
2018-10-14,0.4221324275877779
2018-10-15,0.4052294499258164
2018-10-16,0.45302589929818526
2018-10-17,0.47581051810127967
2018-10-18,0.4758981496045672
2018-10-19,0.4614499882396756
2018-10-20,0.45767206676431177
2018-10-21,0.46420607928321866
2018-10-22,0.4608295736733428
2018-10-23,0.4567760577976926
2018-10-24,0.46395378100162
2018-10-25,0.45879775435088754
2018-10-26,0.4604520388780604
2018-10-27,0.461604975148876
2018-10-28,0.4574333612228476
2018-10-29,0.46305842888872795
2018-10-30,0.44091381016919695
2018-10-31,0.44672032843053366
2018-11-01,0.4536180307581987
2018-11-02,0.4580677016478053
2018-11-03,0.46171766648449136
2018-11-04,0.45713384256022543
2018-11-05,0.45994434094168035
2018-11-06,0.49667128994838566
2018-11-07,0.5499785392991835
2018-11-08,0.5391213228385459
2018-11-09,0.49665147943451854
2018-11-10,0.5025685527333951
2018-11-11,0.5080529756541826
2018-11-12,0.5087858598057983
2018-11-13,0.520972684941486
2018-11-14,0.5133516434128776
2018-11-15,0.47733407786276144
2018-11-16,0.48661408818885643
2018-11-17,0.47483121816677704
2018-11-18,0.495510036622496
2018-11-19,0.5131615688115037
2018-11-20,0.48170970842039146
2018-11-21,0.4365696229970872
2018-11-22,0.44966013270735183
2018-11-23,0.42589733345570646
2018-11-24,0.4124455003989376
2018-11-25,0.37721297815419813
2018-11-26,0.3783131854754654
2018-11-27,0.359461325031685
2018-11-28,0.361691440884173
2018-11-29,0.39132924183559503
2018-11-30,0.3796982303457673
2018-12-01,0.3625003937119171
2018-12-02,0.3728938527414696
2018-12-03,0.3658156369270511
2018-12-04,0.3492607965624095
2018-12-05,0.3519264589931989
2018-12-06,0.3400297672767691
2018-12-07,0.30745641048156885
2018-12-08,0.3017390158990849
2018-12-09,0.3047234863823046
2018-12-10,0.3098202390975418
2018-12-11,0.29930729105179504
2018-12-12,0.2984031354609271
2018-12-13,0.30413464305165333
2018-12-14,0.29856200654419823
2018-12-15,0.2877462638802257
2018-12-16,0.2837480151188949
2018-12-17,0.28584162348298026
2018-12-18,0.3250806924368425
2018-12-19,0.3475603965958686
2018-12-20,0.3480658904336207
2018-12-21,0.37328284240726917
2018-12-22,0.35516768259531917
2018-12-23,0.35826241512589374
2018-12-24,0.36679833577271725
2018-12-25,0.4052025476286227
2018-12-26,0.37524144636354173
2018-12-27,0.37378335093336
2018-12-28,0.33484392777588784
2018-12-29,0.3695485552559722
2018-12-30,0.3635894461883706
2018-12-31,0.3642331894931558
2019-01-01,0.34917292328511085
2019-01-02,0.3600887624318323
2019-01-03,0.37077035554683946
2019-01-04,0.35394253277498233
2019-01-05,0.35535221470959916
2019-01-06,0.350772455575843
2019-01-07,0.3625506997596083
2019-01-08,0.3618096962771975
2019-01-09,0.36259175787944437
2019-01-10,0.3672779880684339
2019-01-11,0.3290160675846843
2019-01-12,0.32753219324551897
2019-01-13,0.327120935862305
2019-01-14,0.3140212935661152
2019-01-15,0.33124255244522693
2019-01-16,0.32326650342261226
2019-01-17,0.32725797559633635
2019-01-18,0.32623295288260423
2019-01-19,0.32067217050557384
2019-01-20,0.3274986099061246
2019-01-21,0.3169184081242551
2019-01-22,0.3179811884134676
2019-01-23,0.31767092097341926
2019-01-24,0.31488832568477776
2019-01-25,0.31570992195797104
2019-01-26,0.3138726069944991
2019-01-27,0.3127327212361572
2019-01-28,0.3074706667599157
2019-01-29,0.292859915907783
2019-01-30,0.28660870624572465
2019-01-31,0.3199951256691925
2019-02-01,0.3084742831518904
2019-02-02,0.3066263256305771
2019-02-03,0.30830160857466615
2019-02-04,0.3017471299030884
2019-02-05,0.2992280869548261
2019-02-06,0.29916720939443214
2019-02-07,0.2890269028840952
2019-02-08,0.29024638225409494
2019-02-09,0.3104267577501689
2019-02-10,0.3106041291328784
2019-02-11,0.30764679845620524
2019-02-12,0.3015301943348576
2019-02-13,0.3036888156008824
2019-02-14,0.3028161091417303
2019-02-15,0.29964816576536635
2019-02-16,0.30034783455227554
2019-02-17,0.3002033152455591
2019-02-18,0.3028632464563751
2019-02-19,0.3198146029619839
2019-02-20,0.32151332724402787
2019-02-21,0.3314494864449227
2019-02-22,0.3200079244352406
2019-02-23,0.32154367940121226
2019-02-24,0.33129836333034973
2019-02-25,0.2971769158095791
2019-02-26,0.3253251207658441
2019-02-27,0.31638328237381236
2019-02-28,0.3104579357086018
2019-03-01,0.31336136119570573
2019-03-02,0.31512793629703345
2019-03-03,0.3130880420274274
2019-03-04,0.31100343362899663
2019-03-05,0.3025428391500395
2019-03-06,0.3144673452605086
2019-03-07,0.31455191585087905
2019-03-08,0.31260281782435984
2019-03-09,0.30745784370945434
2019-03-10,0.3135130089002694
2019-03-11,0.31305242221430074
2019-03-12,0.30884485565370556
2019-03-13,0.3102317009938003
2019-03-14,0.3131691581340176
2019-03-15,0.31086399332787285
2019-03-16,0.3145422923120605
2019-03-17,0.3184925057020855
2019-03-18,0.31514319977266525
2019-03-19,0.3149082506809884
2019-03-20,0.31665803421752464
2019-03-21,0.31742439439543624
2019-03-22,0.3106503688589173
2019-03-23,0.31054639690217345
2019-03-24,0.31129015823656286
2019-03-25,0.3079100847628493
2019-03-26,0.30268622683701013
2019-03-27,0.30119011981810245
2019-03-28,0.3099693256433301
2019-03-29,0.30695619008943753
2019-03-30,0.3079396927025501
2019-03-31,0.31100017135531227
2019-04-01,0.3093437737308098
2019-04-02,0.3129402729724225
2019-04-03,0.3518736428917325
2019-04-04,0.3417426428629733
2019-04-05,0.33102197792169713
2019-04-06,0.36211143374714566
2019-04-07,0.35347648869224785
2019-04-08,0.3592233385545214
2019-04-09,0.3580143252716769
2019-04-10,0.34868546856946836
2019-04-11,0.3546560890651317
2019-04-12,0.3298599839107897
2019-04-13,0.3267281054634614
2019-04-14,0.32564927226908136
2019-04-15,0.32824359487073484
2019-04-16,0.31963345273696764
2019-04-17,0.3263403207883792
2019-04-18,0.33483196087055733
2019-04-19,0.33640150649965944
2019-04-20,0.33100774391645865
2019-04-21,0.32764739391135816
2019-04-22,0.32288136247361093
2019-04-23,0.32345663839248523
2019-04-24,0.3210244732265786
2019-04-25,0.30179512098072336
2019-04-26,0.290039376343368
2019-04-27,0.29940211275376843
2019-04-28,0.29679527782578874
2019-04-29,0.2967732843158799
2019-04-30,0.29180850641677997
2019-05-01,0.3067203063730033
2019-05-02,0.3016809635472125
2019-05-03,0.30071477553347126
2019-05-04,0.30613875339821905
2019-05-05,0.3031285673695555
2019-05-06,0.3005618555589483
2019-05-07,0.3011475456986682
2019-05-08,0.29790339914123076
2019-05-09,0.2997663165666108
2019-05-10,0.29632271750808825
2019-05-11,0.29961408583891663
2019-05-12,0.32831731110684287
2019-05-13,0.309352369637077
2019-05-14,0.32477331530412995
2019-05-15,0.40749103338427184
2019-05-16,0.4589964483924191
2019-05-17,0.4196057515361442
2019-05-18,0.38820758914885806
2019-05-19,0.37372548549206697
2019-05-20,0.4165254503990362
2019-05-21,0.39763111421646663
2019-05-22,0.39776555884957665
2019-05-23,0.37508568981736423
2019-05-24,0.37983190674034745
2019-05-25,0.3827019405418893
2019-05-26,0.3863107913825079
2019-05-27,0.4080803697095843
2019-05-28,0.43667355749082487
2019-05-29,0.44706800395884505
2019-05-30,0.44421148392210086
2019-05-31,0.423119421422637
2019-06-01,0.43942583956115755
2019-06-02,0.42953998187742165
2019-06-03,0.44594169185369104
2019-06-04,0.42526877601327534
2019-06-05,0.4000123337729527
2019-06-06,0.40339352292140596
2019-06-07,0.4223714220327487
2019-06-08,0.4231568709971077
2019-06-09,0.4115452048545947
2019-06-10,0.3870513612665122
2019-06-11,0.40094335072003495
2019-06-12,0.3929726791133927
2019-06-13,0.4009998907280815
2019-06-14,0.40089664879068343
2019-06-15,0.40490736601560867
2019-06-16,0.4099321007992998
2019-06-17,0.42707984579882496
2019-06-18,0.4455181226198829
2019-06-19,0.42874431911968836
2019-06-20,0.4362055466770004
2019-06-21,0.4311924587376944
2019-06-22,0.44419543376328835
2019-06-23,0.47566898494524945
2019-06-24,0.4688108645393041
2019-06-25,0.47357824533616727
2019-06-26,0.4699466182010064
2019-06-27,0.46567098695510195
2019-06-28,0.40862143636692605
2019-06-29,0.42419799835559024
2019-06-30,0.42896030971311205
2019-07-01,0.39643748864425954
2019-07-02,0.4072883273013282
2019-07-03,0.3988303337337495
2019-07-04,0.4078721505653602
2019-07-05,0.38954227448018497
2019-07-06,0.37942942175258837
2019-07-07,0.3915895158348332
2019-07-08,0.3958213306486169
2019-07-09,0.40187294188188344
2019-07-10,0.39468358821365523
2019-07-11,0.36382796349467034
2019-07-12,0.33217329442431803
2019-07-13,0.3447696128350739
2019-07-14,0.3331680881382959
2019-07-15,0.3064131803866211
2019-07-16,0.3097409525654331
2019-07-17,0.2978603972565497
2019-07-18,0.31088273157682106
2019-07-19,0.32269232604642406
2019-07-20,0.3203889632165953
2019-07-21,0.33461173428263213
2019-07-22,0.3309390918125642
2019-07-23,0.32230396188388133
2019-07-24,0.31101458993581405
2019-07-25,0.31208183894043207
2019-07-26,0.3129737267944508
2019-07-27,0.3226590806212089
2019-07-28,0.3094914568083015
2019-07-29,0.3117148012177424
2019-07-30,0.3100015361284801
2019-07-31,0.31712458778136754
2019-08-01,0.31989806364828316
2019-08-02,0.3157915602678795
2019-08-03,0.3126327406662382
2019-08-04,0.31581320947219194
2019-08-05,0.3187297098404126
2019-08-06,0.321464413323065
2019-08-07,0.31326371634697087
2019-08-08,0.31206552756318395
2019-08-09,0.309097743882988
2019-08-10,0.29666610341597854
2019-08-11,0.29846464639147163
2019-08-12,0.30305450289595276
2019-08-13,0.3004360083668976
2019-08-14,0.2974800679437484
2019-08-15,0.2627759056907905
2019-08-16,0.2645103553949027
2019-08-17,0.26102966315469156
2019-08-18,0.26574470528445515
2019-08-19,0.28202860047193007
2019-08-20,0.28256569881785576
2019-08-21,0.2742952345377511
2019-08-22,0.2665130275923684
2019-08-23,0.2710777782594598
2019-08-24,0.27614546208072294
2019-08-25,0.268681551998925
2019-08-26,0.2697890566921288
2019-08-27,0.26965392223677626
2019-08-28,0.2694450048715817
2019-08-29,0.2571314021090532
2019-08-30,0.2558310903917157
2019-08-31,0.25591476419024856
2019-09-01,0.2577589803875106
2019-09-02,0.2569747981261323
2019-09-03,0.26035708366907917
2019-09-04,0.26296075290134663
2019-09-05,0.25897657043811234
2019-09-06,0.2561608213480815
2019-09-07,0.25213140606196255
2019-09-08,0.25942470593802425
2019-09-09,0.2620627186965279
2019-09-10,0.25912465321417905
2019-09-11,0.25889724260052593
2019-09-12,0.25574011427357424
2019-09-13,0.2543574196134629
2019-09-14,0.25533469834850253
2019-09-15,0.2609641208796706
2019-09-16,0.26076181400840165
2019-09-17,0.2609455043474798
2019-09-18,0.2846462475817335
2019-09-19,0.31161326516629345
2019-09-20,0.3025226060199861
2019-09-21,0.29426474512387574
2019-09-22,0.28907727996575444
2019-09-23,0.2791021043909529
2019-09-24,0.26844230961089144
2019-09-25,0.2366457898689468
2019-09-26,0.24519565769447127
2019-09-27,0.24256592697918897
2019-09-28,0.2422231186683567
2019-09-29,0.2420720435365249
2019-09-30,0.23971394512701386
2019-10-01,0.25526830768228254
2019-10-02,0.2529608156546108
2019-10-03,0.2528556507739294
2019-10-04,0.2522759168526039
2019-10-05,0.25187451812908623
2019-10-06,0.253062915509938
2019-10-07,0.25429168654304485
2019-10-08,0.27404731181340763
2019-10-09,0.27688640983111695
2019-10-10,0.28087008491486865
2019-10-11,0.27140043712616724
2019-10-12,0.2678099641647878
2019-10-13,0.27198566863407597
2019-10-14,0.2766027264822885
2019-10-15,0.29589976050882405
2019-10-16,0.28804793955697866
2019-10-17,0.283363566680175
2019-10-18,0.30125493573300094
2019-10-19,0.29466321158463643
2019-10-20,0.2914877406912295
2019-10-21,0.2938813587229984
2019-10-22,0.2922858993183195
2019-10-23,0.2908430268443793
2019-10-24,0.27381810772019327
2019-10-25,0.2760423928385034
2019-10-26,0.2971700043832714
2019-10-27,0.2939846775607903
2019-10-28,0.2967535004127484
2019-10-29,0.2948471211335502
2019-10-30,0.301284781710241
2019-10-31,0.2951265556427586
2019-11-01,0.294531579012004
2019-11-02,0.29165658626780633
2019-11-03,0.29529726364440956
2019-11-04,0.29054260422075967
2019-11-05,0.298872721216486
2019-11-06,0.2996909057585615
2019-11-07,0.3090009497240582
2019-11-08,0.29173271465291817
2019-11-09,0.27667504282700345
2019-11-10,0.28006076959509285
2019-11-11,0.2798215930424
2019-11-12,0.2746914080805309
2019-11-13,0.2721772769946853
2019-11-14,0.27187109935630743
2019-11-15,0.26856549757644416
2019-11-16,0.2615442322498581
2019-11-17,0.26237988779723864
2019-11-18,0.2634004405345416
2019-11-19,0.2530251620546223
2019-11-20,0.2543407625786477
2019-11-21,0.2503667127922819
2019-11-22,0.24354349554680102
2019-11-23,0.23166707238611148
2019-11-24,0.2336667887350819
2019-11-25,0.22040516534837126
2019-11-26,0.21869284569131184
2019-11-27,0.22021257541061043
2019-11-28,0.2241536255514911
2019-11-29,0.224247140002094
2019-11-30,0.22920653638723604
2019-12-01,0.22612316595208198
2019-12-02,0.2246781041456338
2019-12-03,0.2195849101640445
2019-12-04,0.21925213614089303
2019-12-05,0.21486021288219878
2019-12-06,0.21955436751663168
2019-12-07,0.22469071553602393
2019-12-08,0.2265675612675488
2019-12-09,0.2288273452266773
2019-12-10,0.22425809466687757
2019-12-11,0.223029837562323
2019-12-12,0.22121757155908783
2019-12-13,0.21866369382763226
2019-12-14,0.2202734548796847
2019-12-15,0.21616494400791345
2019-12-16,0.21759116379788443
2019-12-17,0.20673040283397381
2019-12-18,0.18560999708994821
2019-12-19,0.19550694359326068
2019-12-20,0.19003622481374205
2019-12-21,0.19412847133390698
2019-12-22,0.19314187900428673
2019-12-23,0.1964041103252563
2019-12-24,0.19052743643995887
2019-12-25,0.1902105407283241
2019-12-26,0.1887222986575721
2019-12-27,0.18961403378778133
2019-12-28,0.19000943278035307
2019-12-29,0.19309731185296622
2019-12-30,0.1962650992171923
2019-12-31,0.19316615940492496
2020-01-01,0.19299328680049138
2020-01-02,0.1925555238273866
2020-01-03,0.18743331904176772
2020-01-04,0.19229914510656726
2020-01-05,0.19281164080052574
2020-01-06,0.1938156066611448
2020-01-07,0.21886937694958472
2020-01-08,0.21402337779784072
2020-01-09,0.2077455033575198
2020-01-10,0.20355935867224603
2020-01-11,0.21267387579066802
2020-01-12,0.21105224358784117
2020-01-13,0.21474449708822158
2020-01-14,0.21157499912373928
2020-01-15,0.23286865448480604
2020-01-16,0.23300283331519447
2020-01-17,0.22853059053530053
2020-01-18,0.23686460613195828
2020-01-19,0.24213615589873505
2020-01-20,0.235603867808873
2020-01-21,0.23289279406637656
2020-01-22,0.23685345936131622
2020-01-23,0.23499544043382634
2020-01-24,0.22724888132389257
2020-01-25,0.2225431426290054
2020-01-26,0.22061763237296175
2020-01-27,0.22943058906684347
2020-01-28,0.23047236239936733
2020-01-29,0.23759353224638982
2020-01-30,0.2347214961660962
2020-01-31,0.24276686561020783
2020-02-01,0.23842652774418766
2020-02-02,0.24058383524812516
2020-02-03,0.24945938103026924
2020-02-04,0.2542159606960318
2020-02-05,0.2656747180889477
2020-02-06,0.2764575489693778
2020-02-07,0.2823097578555551
2020-02-08,0.2795854197829911
2020-02-09,0.27737310854342834
2020-02-10,0.28228522263887856
2020-02-11,0.2743149002963578
2020-02-12,0.28059588101972865
2020-02-13,0.30062527136408457
2020-02-14,0.32323749080237313
2020-02-15,0.33328200848325845
2020-02-16,0.3054624254862439
2020-02-17,0.2964534198879656
2020-02-18,0.28908812446999876
2020-02-19,0.296577455075223
2020-02-20,0.2791443337343405
2020-02-21,0.27234077933160267
2020-02-22,0.2741735340187518
2020-02-23,0.2750165598980362
2020-02-24,0.2828391709232468
2020-02-25,0.27168308521714457
2020-02-26,0.2549377168645062
2020-02-27,0.23266378428241924
2020-02-28,0.23617604299477746
2020-02-29,0.23717611347675766
2020-03-01,0.23037150494861858
2020-03-02,0.22917706895795528
2020-03-03,0.23935065416728013
2020-03-04,0.23457912088562113
2020-03-05,0.23463668153171868
2020-03-06,0.23799885638303916
2020-03-07,0.24386760361915502
2020-03-08,0.23709215080017237
2020-03-09,0.20384611735996336
2020-03-10,0.20882219538631508
2020-03-11,0.21152859473962587
2020-03-12,0.20985557507598007
2020-03-13,0.13782959908786777
2020-03-14,0.15793320292960084
2020-03-15,0.14740449415734955
2020-03-16,0.1536465110327934
2020-03-17,0.14233610354273207
2020-03-18,0.14855496359845247
2020-03-19,0.14686144782598295
2020-03-20,0.1630137642312299
2020-03-21,0.1578654199821656
2020-03-22,0.1572388916037732
2020-03-23,0.1506641854751117
2020-03-24,0.15818223865173547
2020-03-25,0.16232648779448133
2020-03-26,0.1616945113158979
2020-03-27,0.17414388125687338
2020-03-28,0.1741474352175186
2020-03-29,0.17685014138047248
2020-03-30,0.16447701662718836
2020-03-31,0.17093843850410675
2020-04-01,0.17392564111197442
2020-04-02,0.17508389119266285
2020-04-03,0.17815815095276072
2020-04-04,0.17903878936652484
2020-04-05,0.18002309457934823
2020-04-06,0.1781015255131237
2020-04-07,0.19471507618414166
2020-04-08,0.192698794927934
2020-04-09,0.20004763010892992
2020-04-10,0.19806941770953088
2020-04-11,0.18842873691679146
2020-04-12,0.1885856605415796
2020-04-13,0.18793418546556673
2020-04-14,0.18827236788185847
2020-04-15,0.18610888684287522
2020-04-16,0.18169801367609822
2020-04-17,0.18856584786352443
2020-04-18,0.18890422687848843
2020-04-19,0.19410552542802123
2020-04-20,0.18984854465276943
2020-04-21,0.18330269141211422
2020-04-22,0.18313346135006744
2020-04-23,0.18768951931615696
2020-04-24,0.1901184454663675
2020-04-25,0.19238168847343698
2020-04-26,0.19442200981571112
2020-04-27,0.19693094024713242
2020-04-28,0.19789304938794036
2020-04-29,0.2133646263583613
2020-04-30,0.22602861693321166
2020-05-01,0.21310049835339237
2020-05-02,0.21763942367204323
2020-05-03,0.2229278108306535
2020-05-04,0.2193996373715576
2020-05-05,0.2183355316840978
2020-05-06,0.21665867531586175
2020-05-07,0.21316859552060752
2020-05-08,0.2193568557668683
2020-05-09,0.21817125944521623
2020-05-10,0.21623674329232112
2020-05-11,0.20087033236420565
2020-05-12,0.19388790957730762
2020-05-13,0.197123255346823
2020-05-14,0.20180311736508466
2020-05-15,0.20339121602916818
2020-05-16,0.1984767930027895
2020-05-17,0.20068503569720783
2020-05-18,0.20066391162784475
2020-05-19,0.20463934825919036
2020-05-20,0.20474144959670157
2020-05-21,0.20187100598936145
2020-05-22,0.19501216560766965
2020-05-23,0.19960886868775185
2020-05-24,0.19754927942344438
2020-05-25,0.19419036291235778
2020-05-26,0.19685487196537504
2020-05-27,0.19413459787001003
2020-05-28,0.19720175798010187
2020-05-29,0.20079689798971392
2020-05-30,0.19790502860899387
2020-05-31,0.20577482926769294
2020-06-01,0.2032687101969978
2020-06-02,0.21087234962022489
2020-06-03,0.2032858789259503
2020-06-04,0.20362470318243275
2020-06-05,0.20484984489666377
2020-06-06,0.20313854754795302
2020-06-07,0.20320959689430387
2020-06-08,0.20293189504238213
2020-06-09,0.2040536556633028
2020-06-10,0.20126914749084193
2020-06-11,0.2028000526521789
2020-06-12,0.19011049188788876
2020-06-13,0.19341171844237245
2020-06-14,0.19278129355715468
2020-06-15,0.19038565076060282
2020-06-16,0.19210767925088426
2020-06-17,0.1911280314860965
2020-06-18,0.19317215500214915
2020-06-19,0.19041681951138753
2020-06-20,0.1872217853352464
2020-06-21,0.18867538287461827
2020-06-22,0.18540995922524967
2020-06-23,0.19003525021647294
2020-06-24,0.18829237051161374
2020-06-25,0.18392972980810404
2020-06-26,0.18352365517619634
2020-06-27,0.18277971321724198
2020-06-28,0.17589429098928788
2020-06-29,0.1769985457927027
2020-06-30,0.17759720673089446
2020-07-01,0.17570051360531663
2020-07-02,0.17673982795801382
2020-07-03,0.175210257774019
2020-07-04,0.17602967232868488
2020-07-05,0.17776145865886417
2020-07-06,0.17718496372331566
2020-07-07,0.18838913245133598
2020-07-08,0.18482483944539824
2020-07-09,0.20433609878096115
2020-07-10,0.20236856149258253
2020-07-11,0.1987890313083414
2020-07-12,0.20141619522058504
2020-07-13,0.20084690446497824
2020-07-14,0.19860646792657077
2020-07-15,0.19887149161484804
2020-07-16,0.19723002143999407
2020-07-17,0.19404640279005098
2020-07-18,0.19426776570870785
2020-07-19,0.19947076313006376
2020-07-20,0.19952293195919907
2020-07-21,0.19467002770335812
2020-07-22,0.19905021723545974
2020-07-23,0.20343764059404754
2020-07-24,0.20818695285280153
2020-07-25,0.2042966234637715
2020-07-26,0.21426161557790874
2020-07-27,0.21528330980922147
2020-07-28,0.22387632064128649
2020-07-29,0.22995643899629792
2020-07-30,0.2426965515770819
2020-07-31,0.24435884316605191
2020-08-01,0.25923265617918223
2020-08-02,0.2913018478979388
2020-08-03,0.28630975029015604
2020-08-04,0.31009269952720975
2020-08-05,0.3006844248898732
2020-08-06,0.3023822645129705
2020-08-07,0.30336700769757885
2020-08-08,0.2938976678070039
2020-08-09,0.29388630365412904
2020-08-10,0.28776096348798696
2020-08-11,0.29418889600186643
2020-08-12,0.28398286725502375
2020-08-13,0.2823902059280601
2020-08-14,0.29433364365567655
2020-08-15,0.2995466202839251
2020-08-16,0.29931113568183204
2020-08-17,0.3032923477695733
2020-08-18,0.3146297531934636
2020-08-19,0.3029762978947723
2020-08-20,0.29012669674711095
2020-08-21,0.29225257818676637
2020-08-22,0.2791806305823162
2020-08-23,0.2854389359353903
2020-08-24,0.2851067954158283
2020-08-25,0.2889889462508965
2020-08-26,0.277714277220598
2020-08-27,0.27651090847081833
2020-08-28,0.2643129566362412
2020-08-29,0.2713516293652327
2020-08-30,0.2743044410353674
2020-08-31,0.28231066481099576
2020-09-01,0.2824332033877913
2020-09-02,0.29461882535601464
2020-09-03,0.2750951115567203
2020-09-04,0.24528634018368428
2020-09-05,0.25549889572209644
2020-09-06,0.2371246990690675
2020-09-07,0.2394869983145511
2020-09-08,0.2419253901835391
2020-09-09,0.23644528243717094
2020-09-10,0.23911660696787632
2020-09-11,0.24300108452596714
2020-09-12,0.24245595533237194
2020-09-13,0.2462457036617809
2020-09-14,0.2423228845096534
2020-09-15,0.24619724094997353
2020-09-16,0.24303385677974093
2020-09-17,0.24721681201776985
2020-09-18,0.25188079438064914
2020-09-19,0.2500861615516868
2020-09-20,0.25188767319648075
2020-09-21,0.24639633759934934
2020-09-22,0.23165657547696566
2020-09-23,0.2331628823635652
2020-09-24,0.220603415902742
2020-09-25,0.23269943296881682
2020-09-26,0.24120724878904104
2020-09-27,0.24148169015235318
2020-09-28,0.24223482636791577
2020-09-29,0.2417008797939546
2020-09-30,0.24284379123134617
2020-10-01,0.2413448305484734
2020-10-02,0.23834728745856992
2020-10-03,0.23405931691768309
2020-10-04,0.23280858759018197
2020-10-05,0.24798473904593277
2020-10-06,0.2502197326334
2020-10-07,0.24537989393058346
2020-10-08,0.24828740607847744
2020-10-09,0.2510242903592255
2020-10-10,0.2532068473668065
2020-10-11,0.25419498847657096
2020-10-12,0.2551648551764613
2020-10-13,0.25600889580827507
2020-10-14,0.2560156485194728
2020-10-15,0.2496029200412671
2020-10-16,0.24566060392770817
2020-10-17,0.24008484211029915
2020-10-18,0.24089456466337247
2020-10-19,0.2423149793877639
2020-10-20,0.24607410414943875
2020-10-21,0.24348868191330514
2020-10-22,0.25074143136061766
2020-10-23,0.2565068816779679
2020-10-24,0.25459575935136547
2020-10-25,0.25607692145127053
2020-10-26,0.2528741516061227
2020-10-27,0.24857321838858923
2020-10-28,0.25261267174415025
2020-10-29,0.2461502127664269
2020-10-30,0.24228689266556752
2020-10-31,0.23861386233985746
2020-11-01,0.23964967955674707
2020-11-02,0.23959737006119536
2020-11-03,0.2354071291310812
2020-11-04,0.23945068188190569
2020-11-05,0.23731496749607678
2020-11-06,0.24551217214077564
2020-11-07,0.25790509860171873
2020-11-08,0.24895241737553578
2020-11-09,0.2536826612170206
2020-11-10,0.2507418820679295
2020-11-11,0.25358971624621984
2020-11-12,0.2558078141731928
2020-11-13,0.2544774022814587
2020-11-14,0.2648847398933393
2020-11-15,0.26855016993655373
2020-11-16,0.2697450913919404
2020-11-17,0.2872437054360881
2020-11-18,0.3021307416235462
2020-11-19,0.29414452016877635
2020-11-20,0.30296022474478607
2020-11-21,0.3277601704282896
2020-11-22,0.46054586530497443
2020-11-23,0.4440995477248506
2020-11-24,0.6120580566284565
2020-11-25,0.6919616416524175
2020-11-26,0.6327004070529666
2020-11-27,0.5308775386405923
2020-11-28,0.5588811610780686
2020-11-29,0.6240390592147861
2020-11-30,0.6054386155414733
2020-12-01,0.6641238171287605
2020-12-02,0.6143821057518846
2020-12-03,0.6320169268594741
2020-12-04,0.6297547067388412
2020-12-05,0.5585692385543637
2020-12-06,0.5835748277615719
2020-12-07,0.6188654468605732
2020-12-08,0.6086984106196396
2020-12-09,0.5601848070615205
2020-12-10,0.5835430243217834
2020-12-11,0.5746631872358604
2020-12-12,0.5500897722415309
2020-12-13,0.5050623854281705
2020-12-14,0.510716060708318
2020-12-15,0.4975904536440543
2020-12-16,0.46902231358591695
2020-12-17,0.5672060565944123
2020-12-18,0.5759350877585054
2020-12-19,0.5834703949502055
2020-12-20,0.5791575282446899
2020-12-21,0.5600658194601357
2020-12-22,0.517176018717592
2020-12-23,0.45132059419545256
2020-12-24,0.26050698013612983
2020-12-25,0.3448041215700403
2020-12-26,0.31808441970115464
2020-12-27,0.2953833439116206
2020-12-28,0.28414724389132995
2020-12-29,0.24613443432424192
2020-12-30,0.22140743326587264
2020-12-31,0.2120697554323437
2021-01-01,0.22053451628880869
2021-01-02,0.23743683484839662
2021-01-03,0.22186998314414794
2021-01-04,0.22563669593809668
2021-01-05,0.23461847392850627
2021-01-06,0.22669902564356462
2021-01-07,0.2523851552432814
2021-01-08,0.32539871330586934
2021-01-09,0.3215219169756062
2021-01-10,0.3291685242044116
2021-01-11,0.31868717998893553
2021-01-12,0.29034525666307204
2021-01-13,0.2935698883632647
2021-01-14,0.3064999201536099
2021-01-15,0.29597695623648135
2021-01-16,0.2803368033210713
2021-01-17,0.2802087671576728
2021-01-18,0.27704592201615647
2021-01-19,0.2846371762289812
2021-01-20,0.2945111481648177
2021-01-21,0.29627784655251005
2021-01-22,0.2691929557994423
2021-01-23,0.27318647107900834
2021-01-24,0.27142759423240986
2021-01-25,0.27359188165054465
2021-01-26,0.26866963018573875
2021-01-27,0.26855552578611364
2021-01-28,0.25189792881979306
2021-01-29,0.26357876672093344
2021-01-30,0.282143162500032
2021-01-31,0.43085343036345514
2021-02-01,0.4916478062400711
2021-02-02,0.37042380457272894
2021-02-03,0.3692716435922792
2021-02-04,0.39489144954001704
2021-02-05,0.4478312095296225
2021-02-06,0.4509005614736691
2021-02-07,0.44197733914916787
2021-02-08,0.41885852514751276
2021-02-09,0.45357194589415123
2021-02-10,0.4725235786071262
2021-02-11,0.5035045440234706
2021-02-12,0.525723076120374
2021-02-13,0.6107211056165796
2021-02-14,0.6299175792014798
2021-02-15,0.5930532342085324
2021-02-16,0.547923341309286
2021-02-17,0.5223534662432514
2021-02-18,0.5364850178225575
2021-02-19,0.5340092777515143
2021-02-20,0.570529085079073
2021-02-21,0.517678551092477
2021-02-22,0.550907164651171
2021-02-23,0.5759370730614737
2021-02-24,0.4730045202749351
2021-02-25,0.4716137861773422
2021-02-26,0.4322793325595881
2021-02-27,0.4300942268493778
2021-02-28,0.44309358623258405
2021-03-01,0.4138281135889511
2021-03-02,0.44788571035810554
2021-03-03,0.4372064358385168
2021-03-04,0.4506482993644011
2021-03-05,0.4832646814050099
2021-03-06,0.4590497723869844
2021-03-07,0.46397381121697406
2021-03-08,0.4671623972512868
2021-03-09,0.475372981241661
2021-03-10,0.4862369216972623
2021-03-11,0.46290611981693225
2021-03-12,0.45338655574763503
2021-03-13,0.4404437709987498
2021-03-14,0.46094646816105167
2021-03-15,0.4430734609001456
2021-03-16,0.43733356541721274
2021-03-17,0.4610837639261478
2021-03-18,0.47353270436981887
2021-03-19,0.47236193099787394
2021-03-20,0.46873997633363473
2021-03-21,0.5275777913982836
2021-03-22,0.5188056655394946
2021-03-23,0.5466715495213489
2021-03-24,0.5539316085451409
2021-03-25,0.48641604303514624
2021-03-26,0.5114260573573015
2021-03-27,0.5674371524314464
2021-03-28,0.5478679445266175
2021-03-29,0.5508514715605831
2021-03-30,0.5658188175083124
2021-03-31,0.5665694123161319
2021-04-01,0.5738184047382427
2021-04-02,0.5706176387429038
2021-04-03,0.6044974611582614
2021-04-04,0.577287680424983
2021-04-05,0.6333526453068182
2021-04-06,0.9074547526990332
2021-04-07,1.097633770923746
2021-04-08,0.9221401420253109
2021-04-09,1.050768096482137
2021-04-10,1.0249751336804138
2021-04-11,1.3712758232576907
2021-04-12,1.351951907269389
2021-04-13,1.4634118897920012
2021-04-14,1.7878726912934242
2021-04-15,1.837676647316653
2021-04-16,1.7570907728716414
2021-04-17,1.5693489075445954
2021-04-18,1.5483167850731618
2021-04-19,1.4107717923413052
2021-04-20,1.3148908238252734
2021-04-21,1.37713483282225
2021-04-22,1.3067888710923214
2021-04-23,1.1731372843894372
2021-04-24,1.1661328150232613
2021-04-25,1.0525470478085406
2021-04-26,1.0348180008169663
2021-04-27,1.3602811624977584
2021-04-28,1.4012503983945843
2021-04-29,1.3622756938570046
2021-04-30,1.3978073532674413
2021-05-01,1.592106469985735
2021-05-02,1.6541179641605637
2021-05-03,1.561172380895276
2021-05-04,1.5572160443626692
2021-05-05,1.387454800867085
2021-05-06,1.6140228560739238
2021-05-07,1.6022779267397156
2021-05-08,1.5834040495790822
2021-05-09,1.5646144361837921
2021-05-10,1.5331757649769135
2021-05-11,1.3997437570206521
2021-05-12,1.4766660629758201
2021-05-13,1.2870709951618722
2021-05-14,1.359471149169653
2021-05-15,1.4079242908866674
2021-05-16,1.476855373302116
2021-05-17,1.459941089872939
2021-05-18,1.4867235149958233
2021-05-19,1.5980937497920007
2021-05-20,1.0857565408286391
2021-05-21,1.1756440637168841
2021-05-22,1.0004511919230625
2021-05-23,0.9073386931415942
2021-05-24,0.800098165342829
2021-05-25,0.985859021990727
2021-05-26,0.9692612688740199
2021-05-27,1.0332068928012161
2021-05-28,0.9715671557185841
2021-05-29,0.8956220322743995
2021-05-30,0.8344659624076278
2021-05-31,0.9054699787114087
2021-06-01,1.0414131362201615
2021-06-02,1.0113344632384653
2021-06-03,1.0250645299812036
2021-06-04,1.0507204617977066
2021-06-05,0.9706847900041895
2021-06-06,0.9233783109950389
2021-06-07,0.941945875377369
2021-06-08,0.8545223211275653
2021-06-09,0.8757601965321159
2021-06-10,0.911214403091132
2021-06-11,0.8748163077058673
2021-06-12,0.8471675674249741
2021-06-13,0.8350156355659321
2021-06-14,0.8860264997320967
2021-06-15,0.8928141249740629
2021-06-16,0.872464326158809
2021-06-17,0.8358306490753268
2021-06-18,0.8448349081677214
2021-06-19,0.7983270674267462
2021-06-20,0.761459550633087
2021-06-21,0.7770463247906351
2021-06-22,0.6186567449822078
2021-06-23,0.5517693616839368
2021-06-24,0.6426176789007471
2021-06-25,0.6716012213547248
2021-06-26,0.620105198108627
2021-06-27,0.611711687348678
2021-06-28,0.6507132008769695
2021-06-29,0.6488563939917608
2021-06-30,0.706366183889607
2021-07-01,0.6996532766642078
2021-07-02,0.6638724587724228
2021-07-03,0.6546725767914099
2021-07-04,0.6747676923040596
2021-07-05,0.6968995104043215
2021-07-06,0.6590399913108745
2021-07-07,0.6662899993882386
2021-07-08,0.6530460312591974
2021-07-09,0.6247610645746885
2021-07-10,0.6424991973732445
2021-07-11,0.6287264607906748
2021-07-12,0.6385084267793238
2021-07-13,0.6336448787059497
2021-07-14,0.6199605865682292
2021-07-15,0.6227052156887538
2021-07-16,0.5967255195676217
2021-07-17,0.5913725404424245
2021-07-18,0.5852641997905791
2021-07-19,0.5897955823329759
2021-07-20,0.5601383605955838
2021-07-21,0.5323514543433043
2021-07-22,0.5737055813634152
2021-07-23,0.5950738476348508
2021-07-24,0.6094632044963907
2021-07-25,0.6110446430727691
2021-07-26,0.6125591728144815
2021-07-27,0.623983788986763
2021-07-28,0.6422631283228032
2021-07-29,0.7242550876175754
2021-07-30,0.7497844962597139
2021-07-31,0.7543775937140769
2021-08-01,0.7502964501644548
2021-08-02,0.7269649380557404
2021-08-03,0.7416943188793625
2021-08-04,0.7170384074303042
2021-08-05,0.7314367904089276
2021-08-06,0.734172412850372
2021-08-07,0.7458480786964081
2021-08-08,0.8163899784247708
2021-08-09,0.7812431839912185
2021-08-10,0.8160049567711566
2021-08-11,0.8538180389687648
2021-08-12,1.0058872545464765
2021-08-13,0.9659471173643737
2021-08-14,1.0882573655865535
2021-08-15,1.2768123622747267
2021-08-16,1.2817798754722616
2021-08-17,1.1918799071113604
2021-08-18,1.0944855705972716
2021-08-19,1.1558972500791076
2021-08-20,1.1852489496278933
2021-08-21,1.2584294715021178
2021-08-22,1.2197381897444493
2021-08-23,1.2246487645120476
2021-08-24,1.2487668631389008
2021-08-25,1.1458793612657157
2021-08-26,1.170876776871693
2021-08-27,1.0955133852336967
2021-08-28,1.1805811945514972
2021-08-29,1.14848558655292
2021-08-30,1.1440525854699375
2021-08-31,1.106189235053155
2021-09-01,1.191610433585163
2021-09-02,1.2318568493947302
2021-09-03,1.2573255129034822
2021-09-04,1.291252384471998
2021-09-05,1.2532249149224715
2021-09-06,1.2984832643777857
2021-09-07,1.3911304469034182
2021-09-08,1.131348061182022
2021-09-09,1.1056689280662244
2021-09-10,1.0912461914893277
2021-09-11,1.0535526974723732
2021-09-12,1.0752209314359358
2021-09-13,1.1169842609284972
2021-09-14,1.068604148677846
2021-09-15,1.096311313495669
2021-09-16,1.1188839268554256
2021-09-17,1.090957634109528
2021-09-18,1.0676582584217478
2021-09-19,1.0758127160149578
2021-09-20,1.0490216603570472
2021-09-21,0.9219523462131592
2021-09-22,0.8667768999124397
2021-09-23,0.9970202456951557
2021-09-24,1.000436281381362
2021-09-25,0.9409389925960898
2021-09-26,0.9425529621409652
2021-09-27,0.945767340044055
2021-09-28,0.9227647628979543
2021-09-29,0.898182776890135
2021-09-30,0.9281598600445693
2021-10-01,0.9529966405748881
2021-10-02,1.041123216492475
2021-10-03,1.0400949689546977
2021-10-04,1.0558307110700278
2021-10-05,1.0437072356808659
2021-10-06,1.085381037917221
2021-10-07,1.0783609291517349
2021-10-08,1.0689411075660604
2021-10-09,1.0614650033600554
2021-10-10,1.164184622292562
2021-10-11,1.1360668412266464
2021-10-12,1.1330371883980321
2021-10-13,1.1014676454979804
2021-10-14,1.128457291689578
2021-10-15,1.1323296666545746
2021-10-16,1.145759547685495
2021-10-17,1.1385957390003698
2021-10-18,1.0925155626661034
2021-10-19,1.0812358492867855
2021-10-20,1.0943871012139437
2021-10-21,1.1435470026599415
2021-10-22,1.0929614739451723
2021-10-23,1.0934905806691104
2021-10-24,1.095154986811329
2021-10-25,1.0849136418505294
2021-10-26,1.0958283643026163
2021-10-27,1.105727143387618
2021-10-28,0.996836752619904
2021-10-29,1.0587801978680311
2021-10-30,1.0834103873992738
2021-10-31,1.0758992453555496
2021-11-01,1.1143882936902771
2021-11-02,1.0934533521014969
2021-11-03,1.1366587277819378
2021-11-04,1.2088823954696684
2021-11-05,1.200913826990432
2021-11-06,1.1622964291452975
2021-11-07,1.1519973721059782
2021-11-08,1.219290185560037
2021-11-09,1.287089052369683
2021-11-10,1.2617122958767892
2021-11-11,1.1883132886401981
2021-11-12,1.2176287356871103
2021-11-13,1.1942130805718565
2021-11-14,1.1936921583345361
2021-11-15,1.1929348852566946
2021-11-16,1.1755600254518253
2021-11-17,1.0966493653758616
2021-11-18,1.1004596250989471
2021-11-19,1.0375367096779058
2021-11-20,1.0913054764142485
2021-11-21,1.1003032895930926
2021-11-22,1.069316317572408
2021-11-23,1.0367725124482448
2021-11-24,1.0666446242962693
2021-11-25,1.0324344122101776
2021-11-26,1.0425045005327793
2021-11-27,0.9395105333823327
2021-11-28,0.9410355855791527
2021-11-29,0.9667814783314153
2021-11-30,0.9913792344534323
2021-12-01,0.9976494002579189
2021-12-02,0.9903099747669621
2021-12-03,0.9792298396544113
2021-12-04,0.9217083373410974
2021-12-05,0.8432874106920727
2021-12-06,0.8021016424347099
2021-12-07,0.8241786091202077
2021-12-08,0.8170006530986526
2021-12-09,0.8604950737122439
2021-12-10,0.8668183425176378
2021-12-11,0.7987992644903693
2021-12-12,0.8370445571139629
2021-12-13,0.8398763961847019
2021-12-14,0.7815983218419756
2021-12-15,0.8113031482462705
2021-12-16,0.8291672579272524
2021-12-17,0.8097740287353964
2021-12-18,0.8015706035608363
2021-12-19,0.8298301709115998
2021-12-20,0.8360810885092015
2021-12-21,0.8870321270036085
2021-12-22,0.9505444057615736
2021-12-23,0.9581270482180488
2021-12-24,0.9961806163957586
2021-12-25,0.9138028897022306
2021-12-26,0.9278571385084833
2021-12-27,0.9218739334180142
2021-12-28,0.9281516465629353
2021-12-29,0.8579611972670144
2021-12-30,0.8197794434093449
2021-12-31,0.8404662013408024
2022-01-01,0.8313977181010497
2022-01-02,0.8509994996615762
2022-01-03,0.8598583053581368
2022-01-04,0.8344733967743158
2022-01-05,0.8251444343524369
2022-01-06,0.7767865891534059
2022-01-07,0.7831224344196491
2022-01-08,0.7644151449754191
2022-01-09,0.7489659652322483
2022-01-10,0.7557725172500546
2022-01-11,0.7410376946951257
2022-01-12,0.7727293031543855
2022-01-13,0.802594097494461
2022-01-14,0.7715666119046157
2022-01-15,0.7740444354801548
2022-01-16,0.7826827626015643
2022-01-17,0.7794722307417731
2022-01-18,0.7648336227276872
2022-01-19,0.7526063988170055
2022-01-20,0.739881066058622
2022-01-21,0.7202016893369474
2022-01-22,0.6378644563628371
2022-01-23,0.5994046390832135
2022-01-24,0.6293953478321436
2022-01-25,0.6152955980298455
2022-01-26,0.620497233041747
2022-01-27,0.6231797877754578
2022-01-28,0.6102062555503397
2022-01-29,0.6135256035362685
2022-01-30,0.6182696996646961
2022-01-31,0.6043668972409529
2022-02-01,0.6205877854732952
2022-02-02,0.6302230740980508
2022-02-03,0.6032174285240043
2022-02-04,0.6096545032975765
2022-02-05,0.6572998399694618
2022-02-06,0.6686843426074051
2022-02-07,0.6852335146264104
2022-02-08,0.8300394579696281
2022-02-09,0.8808003204859144
2022-02-10,0.8789425435462876
2022-02-11,0.8345105144850875
2022-02-12,0.76169650186355
2022-02-13,0.8245304978471271
2022-02-14,0.8119315770010118
2022-02-15,0.8033483751203703
2022-02-16,0.852479109500555
2022-02-17,0.8391807513652728
2022-02-18,0.7685094510286997
2022-02-19,0.7877906414879072
2022-02-20,0.8251095338668498
2022-02-21,0.7782770648932236
2022-02-22,0.7055393424691266
2022-02-23,0.7259376269724716
2022-02-24,0.7016957279611102
2022-02-25,0.6976871071064188
2022-02-26,0.7712477777385272
2022-02-27,0.7517707837988913
2022-02-28,0.7210985760953721
2022-03-01,0.7828558999446412
2022-03-02,0.7872744283758254
2022-03-03,0.7682135605580057
2022-03-04,0.7531647576655045
2022-03-05,0.7131881596552319
2022-03-06,0.75586980723784
2022-03-07,0.7268241819511676
2022-03-08,0.7241520832461399
2022-03-09,0.7206531553362463
2022-03-10,0.7680866721173992
2022-03-11,0.7378000313258812
2022-03-12,0.802186612999849
2022-03-13,0.7862234817530646
2022-03-14,0.7619373501661538
2022-03-15,0.7751485976071154
2022-03-16,0.7664837658571177
2022-03-17,0.7943801513863666
2022-03-18,0.7938218847195059
2022-03-19,0.7984573845178067
2022-03-20,0.818980707909861
2022-03-21,0.8064894377913627
2022-03-22,0.8379809664029861
2022-03-23,0.8372243965986176
2022-03-24,0.8376505621816649
2022-03-25,0.8421114022402378
2022-03-26,0.8244213913542029
2022-03-27,0.8310015071136351
2022-03-28,0.8539236502608716
2022-03-29,0.8640548948293576
2022-03-30,0.8570422317157436
2022-03-31,0.8604847293390254
2022-04-01,0.8152117836532856
2022-04-02,0.8271257464579131
2022-04-03,0.8242671521526577
2022-04-04,0.8425965315597546
2022-04-05,0.8281276338170943
2022-04-06,0.8187524569103866
2022-04-07,0.7621659169264008
2022-04-08,0.788300179889034
2022-04-09,0.7549598472923912
2022-04-10,0.7636267236265126
2022-04-11,0.7562784300098224
2022-04-12,0.6955843985559773
2022-04-13,0.7171206298978289
2022-04-14,0.7255258559860935
2022-04-15,0.7275666877771264
2022-04-16,0.7877335942179761
2022-04-17,0.7829999223908309
2022-04-18,0.7537394037896591
2022-04-19,0.7689778999098668
2022-04-20,0.7754484655148195
2022-04-21,0.7521764937695645
2022-04-22,0.7332117695793329
2022-04-23,0.7202396768888107
2022-04-24,0.7073588176557891
2022-04-25,0.6987978369588094
2022-04-26,0.6956329293874107
2022-04-27,0.6423263433710342
2022-04-28,0.6528348665066932
2022-04-29,0.6441268452417402
2022-04-30,0.6124562324749452
2022-05-01,0.587810639474169
2022-05-02,0.6092166608195787
2022-05-03,0.6144864952252795
2022-05-04,0.6054702647179527
2022-05-05,0.6479594190283386
2022-05-06,0.6004742594763544
2022-05-07,0.6035240236351163
2022-05-08,0.5838448651199512
2022-05-09,0.5669608041110882
2022-05-10,0.4947442712197595
2022-05-11,0.5150902169040511
2022-05-12,0.41668999396116013
2022-05-13,0.3877209670878742
2022-05-14,0.4221611103052877
2022-05-15,0.4300177313049834
2022-05-16,0.4481544456391356
2022-05-17,0.4235522358019889
2022-05-18,0.439154212031743
2022-05-19,0.4064758494281428
2022-05-20,0.42163047872276826
2022-05-21,0.41149336598683217
2022-05-22,0.41527535302800195
2022-05-23,0.4228608764476286
2022-05-24,0.4055009945873183
2022-05-25,0.40920231512538
2022-05-26,0.40630298199560927
2022-05-27,0.39439817694614954
2022-05-28,0.3822834941737768
2022-05-29,0.38701377546048005
2022-05-30,0.3898603598259622
2022-05-31,0.4187053842908315
2022-06-01,0.42444803071239395
2022-06-02,0.39934393599772106
2022-06-03,0.40595433920895124
2022-06-04,0.3914176021539427
2022-06-05,0.39322679036246533
2022-06-06,0.3961828350786588
2022-06-07,0.4028522036035331
2022-06-08,0.40868543927845047
2022-06-09,0.4013646967922223
2022-06-10,0.40013286715732643
2022-06-11,0.3820658620329248
2022-06-12,0.3600670196345797
2022-06-13,0.3473716238493033
2022-06-14,0.31138286809406446
2022-06-15,0.3229550712743772
2022-06-16,0.3443938243994498
2022-06-17,0.31243655020944017
2022-06-18,0.32235441599660697
2022-06-19,0.309330958004928
2022-06-20,0.3256824232823504
2022-06-21,0.3240971076934186
2022-06-22,0.3291435408891084
2022-06-23,0.32275428268771983
2022-06-24,0.33551746207899685
2022-06-25,0.368261234144217
2022-06-26,0.3673154719665823
2022-06-27,0.3603228719112207
2022-06-28,0.35371650062009147
2022-06-29,0.3374417519060058
2022-06-30,0.3296188316599712
2022-07-01,0.32924807588589466
2022-07-02,0.31563768472333953
2022-07-03,0.3164857899276253
2022-07-04,0.3225294647379495
2022-07-05,0.32908371430087685
2022-07-06,0.325509709249199
2022-07-07,0.33255551826321617
2022-07-08,0.3424005523116743
2022-07-09,0.34421421109400624
2022-07-10,0.3449893831165381
2022-07-11,0.32581075245157504
2022-07-12,0.3148525452970551
2022-07-13,0.3124987716416906
2022-07-14,0.3247437036981014
2022-07-15,0.33363610970833024
2022-07-16,0.3338671590882578
2022-07-17,0.34994969180523516
2022-07-18,0.3439497313500432
2022-07-19,0.36466339965144995
2022-07-20,0.37225626940575574
2022-07-21,0.36061617567635407
2022-07-22,0.36641453682043557
2022-07-23,0.3582453885163846
2022-07-24,0.36007230402718554
2022-07-25,0.35913022491325847
2022-07-26,0.3365071514433365
2022-07-27,0.3367498497765932
2022-07-28,0.35954942128264794
2022-07-29,0.3724122694615612
2022-07-30,0.3698439004011402
2022-07-31,0.3871419117499372
2022-08-01,0.38090942464251165
2022-08-02,0.3794745647488202
2022-08-03,0.3721443606390872
2022-08-04,0.3697802274672732
2022-08-05,0.37288592141949634
2022-08-06,0.37673944023534195
2022-08-07,0.3724249101928857
2022-08-08,0.37297833616296255
2022-08-09,0.3794215621135739
2022-08-10,0.3690576085353753
2022-08-11,0.3818819170672477
2022-08-12,0.38103789907249513
2022-08-13,0.3806867206678796
2022-08-14,0.3791747053498095
2022-08-15,0.37789173870428966
2022-08-16,0.3768509898908952
2022-08-17,0.37832162183135193
2022-08-18,0.38189978201324554
2022-08-19,0.3723714128223131
2022-08-20,0.33647346534266226
2022-08-21,0.3387855562056176
2022-08-22,0.3470545927088616
2022-08-23,0.34562684245445874
2022-08-24,0.3477726001845276
2022-08-25,0.34679271408890444
2022-08-26,0.35009811479262676
2022-08-27,0.3392009860890026
2022-08-28,0.337101913520448
2022-08-29,0.3250929286503036
2022-08-30,0.33423074716919543
2022-08-31,0.3275580359165741
2022-09-01,0.32804299150052096
2022-09-02,0.33371001688142804
2022-09-03,0.33138797677917714
2022-09-04,0.33016893541165565
2022-09-05,0.33223273827868427
2022-09-06,0.3331744434353924
2022-09-07,0.322882837554491
2022-09-08,0.337812631402927
2022-09-09,0.3405432304913233
2022-09-10,0.3565520466053419
2022-09-11,0.35763222072390133
2022-09-12,0.35447266984431747
2022-09-13,0.35859049426894085
2022-09-14,0.3331343427229645
2022-09-15,0.34229766627733377
2022-09-16,0.32697616278820824
2022-09-17,0.3571830539290055
2022-09-18,0.37553542587688626
2022-09-19,0.36011169122072584
2022-09-20,0.3884003338636591
2022-09-21,0.4146975478487356
2022-09-22,0.3987516860564047
2022-09-23,0.4870596202359753
2022-09-24,0.5055469016261381
2022-09-25,0.4896121534995437
2022-09-26,0.49382068441299476
2022-09-27,0.4675847993795477
2022-09-28,0.44973875957430093
2022-09-29,0.4523199977661284
2022-09-30,0.48549735837132674
2022-10-01,0.48018560714113456
2022-10-02,0.47496133042485
2022-10-03,0.45025632995366566
2022-10-04,0.46261651515402924
2022-10-05,0.48035597545822456
2022-10-06,0.49018876836815045
2022-10-07,0.4935510217263323
2022-10-08,0.5160327262732206
2022-10-09,0.5166455189625007
2022-10-10,0.5342292366286716
2022-10-11,0.4973242512168488
2022-10-12,0.48533425502176925
2022-10-13,0.4880393259972368
2022-10-14,0.4808330688637784
2022-10-15,0.48872027306582744
2022-10-16,0.48202686508349174
2022-10-17,0.4766938429740172
2022-10-18,0.48065426232884206
2022-10-19,0.4668408131092937
2022-10-20,0.45108342840066135
2022-10-21,0.4475857270550886
2022-10-22,0.4610825481618852
2022-10-23,0.4656755212931661
2022-10-24,0.4692781812601062
2022-10-25,0.45271572046883046
2022-10-26,0.4610277301114104
2022-10-27,0.4690482574175606
2022-10-28,0.4623407900423064
2022-10-29,0.4728780103227727
2022-10-30,0.46876476031677705
2022-10-31,0.45750451953412374
2022-11-01,0.46501747211731354
2022-11-02,0.4642729057613325
2022-11-03,0.4513827988804672
2022-11-04,0.45510342141581417
2022-11-05,0.5020577520809391
2022-11-06,0.49300892862095813
2022-11-07,0.47086252498516856
2022-11-08,0.4660747931757319
2022-11-09,0.40872139243654976
2022-11-10,0.33170407746269504
2022-11-11,0.39896690885411007
2022-11-12,0.3896264895691673
2022-11-13,0.36658574825492024
2022-11-14,0.3417074995436799
2022-11-15,0.37754516418942985
2022-11-16,0.39063596815761875
2022-11-17,0.378098097621922
2022-11-18,0.3841956301573169
2022-11-19,0.38462647516151854
2022-11-20,0.38668997247083425
2022-11-21,0.36437486576706085
2022-11-22,0.367583115604242
2022-11-23,0.37655810489095154
2022-11-24,0.3833062814501991
2022-11-25,0.4038237448074739
2022-11-26,0.4106132467603584
2022-11-27,0.39869918031896884
2022-11-28,0.39901892749989815
2022-11-29,0.3915898959103989
2022-11-30,0.3997957534980851
2022-12-01,0.4111918971610414
2022-12-02,0.39858580461137
2022-12-03,0.398615834145069
2022-12-04,0.3898651923416876
2022-12-05,0.3927017597255727
2022-12-06,0.3907786665135361
2022-12-07,0.39237805309459417
2022-12-08,0.3844779242127989
2022-12-09,0.3949164182037001
2022-12-10,0.39022389211734576
2022-12-11,0.387759799248256
2022-12-12,0.3828656934365775
2022-12-13,0.3878258918092492
2022-12-14,0.39501394093007414
2022-12-15,0.3867035852022032
2022-12-16,0.3779085576571648
2022-12-17,0.3533298415240543
2022-12-18,0.3558315325555913
2022-12-19,0.3507100714134827
2022-12-20,0.3392138774124123
2022-12-21,0.35002389021623753
2022-12-22,0.3465697645918239
2022-12-23,0.3500778912764361
2022-12-24,0.35515833068322133
2022-12-25,0.35317997428569975
2022-12-26,0.3469858575442719
2022-12-27,0.3661426478635404
2022-12-28,0.3678858141405444
2022-12-29,0.35632962347408315
2022-12-30,0.34325907725585547
2022-12-31,0.3454333605935747
2023-01-01,0.34008628295318194
2023-01-02,0.33906591377275835
2023-01-03,0.34857042266522625
2023-01-04,0.34381782927835675
2023-01-05,0.34814888508317116
2023-01-06,0.33841798005536067
2023-01-07,0.34511953355311
2023-01-08,0.3447533324613407
2023-01-09,0.3452258121803157
2023-01-10,0.34968537233821834
2023-01-11,0.3516250959148819
2023-01-12,0.37516804184533054
2023-01-13,0.3757077587246529
2023-01-14,0.38668543486765117
2023-01-15,0.39578014157846464
2023-01-16,0.3846604814430939
2023-01-17,0.38721874514522614
2023-01-18,0.38834608969729184
2023-01-19,0.3797679869684619
2023-01-20,0.3941963457659705
2023-01-21,0.4135995980254182
2023-01-22,0.4042373402682552
2023-01-23,0.4023071714072539
2023-01-24,0.42666931243794043
2023-01-25,0.40877294153604227
2023-01-26,0.4186592896798123
2023-01-27,0.41111588524277953
2023-01-28,0.41400159754098326
2023-01-29,0.4096758453041082
2023-01-30,0.41497134328311086
2023-01-31,0.39633370209239793
2023-02-01,0.4073667927328009
2023-02-02,0.4148527743836202
2023-02-03,0.4112098873232879
2023-02-04,0.41241065941316785
2023-02-05,0.4121338298176891
2023-02-06,0.39981674751665536
2023-02-07,0.39376562944671195
2023-02-08,0.4048849794610551
2023-02-09,0.3986931996846012
2023-02-10,0.3832139446465286
2023-02-11,0.38355436616013233
2023-02-12,0.38527542834720957
2023-02-13,0.376051100078587
2023-02-14,0.37205462835350583
2023-02-15,0.38322795129922127
2023-02-16,0.401361856233086
2023-02-17,0.3869228608316964
2023-02-18,0.3953120430532022
2023-02-19,0.39439296683864783
2023-02-20,0.38560607248730994
2023-02-21,0.39767472521830477
2023-02-22,0.3913842408172827
2023-02-23,0.39535865196447917
2023-02-24,0.38957238012624557
2023-02-25,0.3790953257370455
2023-02-26,0.378689319605292
2023-02-27,0.37800947130170354
2023-02-28,0.3793366092044523
2023-03-01,0.37840780894045833
2023-03-02,0.3842122173302225
2023-03-03,0.37782759167537316
2023-03-04,0.3797725783925803
2023-03-05,0.375482520911302
2023-03-06,0.368702052339315
2023-03-07,0.370949886784883
2023-03-08,0.38091941771155435
2023-03-09,0.3895455769251921
2023-03-10,0.373153463761464
2023-03-11,0.3719842680149645
2023-03-12,0.3660374912479876
2023-03-13,0.3724698526505245
2023-03-14,0.3741326627142878
2023-03-15,0.37489297291405715
2023-03-16,0.36204011755919946
2023-03-17,0.36834272427536696
2023-03-18,0.38098351230143557
2023-03-19,0.37641337100193617
2023-03-20,0.38928658424177115
2023-03-21,0.3772352416274596
2023-03-22,0.47074919177491503
2023-03-23,0.42521840812674166
2023-03-24,0.4482196537624507
2023-03-25,0.42680029659763746
2023-03-26,0.4490301632968959
2023-03-27,0.4507982030258973
2023-03-28,0.4804892582556843
2023-03-29,0.5168128670875739
2023-03-30,0.5453960004474748
2023-03-31,0.5372314130180667
2023-04-01,0.5389087176387467
2023-04-02,0.5108643384082717
2023-04-03,0.5206392045697563
2023-04-04,0.49762314978116595
2023-04-05,0.5042085209801936
2023-04-06,0.5064892991443272
2023-04-07,0.5033907322034521
2023-04-08,0.5141886150364228
2023-04-09,0.506259243519927
2023-04-10,0.5059049357511278
2023-04-11,0.5182365433645599
2023-04-12,0.5174873118520239
2023-04-13,0.5054749022427573
2023-04-14,0.5139001277815082
2023-04-15,0.5237427710723968
2023-04-16,0.5208058339366209
2023-04-17,0.5211750000486894
2023-04-18,0.511424460156572
2023-04-19,0.5313738900166128
2023-04-20,0.49094028917780747
2023-04-21,0.4746185573837571
2023-04-22,0.44977836598222937
2023-04-23,0.47401670045814265
2023-04-24,0.46537416155196676
2023-04-25,0.46137418233489225
2023-04-26,0.4701124118409249
2023-04-27,0.4617665683318512
2023-04-28,0.46712361743135394
2023-04-29,0.48018273189530447
2023-04-30,0.47775943845621893
2023-05-01,0.4730668236845426
2023-05-02,0.4652310090567144
2023-05-03,0.465035475655163
2023-05-04,0.4633651736726446
2023-05-05,0.4623041483156036
2023-05-06,0.4678262625193613
2023-05-07,0.46006463988318663
2023-05-08,0.4529586030531267
2023-05-09,0.4296745042774418
2023-05-10,0.430063469892419
2023-05-11,0.432245207178269
2023-05-12,0.42295597310873956
2023-05-13,0.43163322736988136
2023-05-14,0.42556150513937774
2023-05-15,0.4263508465954697
2023-05-16,0.428405441169993
2023-05-17,0.44080993373461025
2023-05-18,0.4487326850226171
2023-05-19,0.4607641094436982
2023-05-20,0.4688768031244469
2023-05-21,0.4695940782186896
2023-05-22,0.4586412584498675
2023-05-23,0.4623516875950931
2023-05-24,0.4660385198404762
2023-05-25,0.45436486733946946
2023-05-26,0.4541151704696861
2023-05-27,0.4697451671376945
2023-05-28,0.472216408249837
2023-05-29,0.48352330128284976
2023-05-30,0.49376486696403926
2023-05-31,0.5223191694382098
2023-06-01,0.519347236645673
2023-06-02,0.5084602612441388
2023-06-03,0.5259130178454915
2023-06-04,0.5199723058938108
2023-06-05,0.5376237449981687
2023-06-06,0.512255734923267
2023-06-07,0.5317141263258067
2023-06-08,0.5208616065533803
2023-06-09,0.5251989570987307
2023-06-10,0.538716297328121
2023-06-11,0.510823106689579
2023-06-12,0.5234656949507985
2023-06-13,0.5272915888541333
2023-06-14,0.5222231726396263
2023-06-15,0.4819853694716451
2023-06-16,0.4818701232948997
2023-06-17,0.47743039594018366
2023-06-18,0.48091801693676484
2023-06-19,0.48873703886019854
2023-06-20,0.49394067262722385
2023-06-21,0.49227331562276505
2023-06-22,0.500997345241522
2023-06-23,0.4952656835302854
2023-06-24,0.4961332787394924
2023-06-25,0.48669686131785794
2023-06-26,0.4895723008499811
2023-06-27,0.479149986572276
2023-06-28,0.48436959597213397
2023-06-29,0.46481822681196244
2023-06-30,0.47458822908630927
2023-07-01,0.473647912120312
2023-07-02,0.4733162435648094
2023-07-03,0.4838261040782226
2023-07-04,0.48951641386335387
2023-07-05,0.48803429392408554
2023-07-06,0.47780553433734296
2023-07-07,0.46440877628499516
2023-07-08,0.46836384008337706
2023-07-09,0.4704270186958301
2023-07-10,0.4681921443187148
2023-07-11,0.47731724646757945
2023-07-12,0.47546330271644877
2023-07-13,0.4713759020166678
2023-07-14,0.8125093807114796
2023-07-15,0.7196793898171404
2023-07-16,0.7132555900513394
2023-07-17,0.7476671129966201
2023-07-18,0.7394962152284867
2023-07-19,0.7812630940643422
2023-07-20,0.8212366992769505
2023-07-21,0.793283630832216
2023-07-22,0.7726808563347505
2023-07-23,0.7314015935483464
2023-07-24,0.7379910760166287
2023-07-25,0.7035253934126873
2023-07-26,0.710252778978069
2023-07-27,0.7158774882632872
2023-07-28,0.713435782414364
2023-07-29,0.7122965862439442
2023-07-30,0.7126071592756545
2023-07-31,0.7049110934788799
2023-08-01,0.6990302831310987
2023-08-02,0.7072155102655546
2023-08-03,0.6847397250082338
2023-08-04,0.6642104250823613
2023-08-05,0.6358100524337328
2023-08-06,0.6284302339961231
2023-08-07,0.6221532337189516
2023-08-08,0.6208379591018611
2023-08-09,0.6426242001562646
2023-08-10,0.6436052062261336
2023-08-11,0.6332138416848744
2023-08-12,0.631617580467985
2023-08-13,0.6270807267798834
2023-08-14,0.6256892005801732
2023-08-15,0.6346809011389943
2023-08-16,0.6093303800158635
2023-08-17,0.5892528804005854
2023-08-18,0.5045364413631485
2023-08-19,0.5055391266986587
2023-08-20,0.5197335651388897
2023-08-21,0.5390316044671543
2023-08-22,0.5244055106671905
2023-08-23,0.5209235534966385
2023-08-24,0.5299193795564925
2023-08-25,0.5181136081338515
2023-08-26,0.5262962066003952
2023-08-27,0.5229085098346918
2023-08-28,0.5235465779707102
2023-08-29,0.5232997783274175
2023-08-30,0.5400245415413736
2023-08-31,0.5278782643099265
2023-09-01,0.5103225869981115
2023-09-02,0.4978373806645431
2023-09-03,0.49860445803030107
2023-09-04,0.5045355543478169
2023-09-05,0.5084170373753433
2023-09-06,0.5051559349926832
2023-09-07,0.5032527281519962
2023-09-08,0.504243042781387
2023-09-09,0.5048375493141025
2023-09-10,0.5035773861130468
2023-09-11,0.49784668531914017
2023-09-12,0.47437611189829754
2023-09-13,0.4808061803443956
2023-09-14,0.4838766292224757
2023-09-15,0.4890299653314932
2023-09-16,0.5004927929572198
2023-09-17,0.49927484586711185
2023-09-18,0.4929015778661426
2023-09-19,0.5026838986052712
2023-09-20,0.5141436165415822
2023-09-21,0.52162768971045
2023-09-22,0.5066858953472407
2023-09-23,0.5121909950476309
2023-09-24,0.5074174504708465
2023-09-25,0.5021664522567285
2023-09-26,0.5053664037106949
2023-09-27,0.5016672517390154
2023-09-28,0.49922867800462956
2023-09-29,0.5095043912598881
2023-09-30,0.5212894024048964
2023-10-01,0.5154269237816644
2023-10-02,0.5241865284645633
2023-10-03,0.5132709648372707
2023-10-04,0.5376404368154039
2023-10-05,0.5329996917807625
2023-10-06,0.5235521685473244
2023-10-07,0.526052843230149
2023-10-08,0.5218613815514104
2023-10-09,0.5179522650328043
2023-10-10,0.5028782420153989
2023-10-11,0.4972634454757502
2023-10-12,0.4886708683261174
2023-10-13,0.48296413941457433
2023-10-14,0.4854689862802145
2023-10-15,0.48662950299092267
2023-10-16,0.48767907801471516
2023-10-17,0.4985158743038958
2023-10-18,0.49171788094756197
2023-10-19,0.4879852147639939
2023-10-20,0.5200805573097996
2023-10-21,0.5167567211918106
2023-10-22,0.5208149431007241
2023-10-23,0.5228950727532569
2023-10-24,0.5457748399611067
2023-10-25,0.5582475426640131
2023-10-26,0.554769697077153
2023-10-27,0.5538368191324367
2023-10-28,0.54594603037128
2023-10-29,0.5451150555810712
2023-10-30,0.5564637794241395
2023-10-31,0.5786581212577311
2023-11-01,0.6004457063634022
2023-11-02,0.6093844677140858
2023-11-03,0.6065634645569307
2023-11-04,0.6128581253381936
2023-11-05,0.6160801916648888
2023-11-06,0.659180464466165
2023-11-07,0.7155023481986591
2023-11-08,0.6856205349117217
2023-11-09,0.6882299493850585
2023-11-10,0.667769491856625
2023-11-11,0.659591296809527
2023-11-12,0.6629780776327308
2023-11-13,0.6614091639025552
2023-11-14,0.6710329983039047
2023-11-15,0.6295797575234952
2023-11-16,0.6499017732587722
2023-11-17,0.6123377361737304
2023-11-18,0.6127256423878851
2023-11-19,0.6106601785005326
2023-11-20,0.6269907137854658
2023-11-21,0.6122065789959923
2023-11-22,0.5801605100784207
2023-11-23,0.611723936220727
2023-11-24,0.6203233552111861
2023-11-25,0.6219794905425804
2023-11-26,0.6232374410205819
2023-11-27,0.6168507134180319
2023-11-28,0.6040798420086526
2023-11-29,0.6112661348716434
2023-11-30,0.609145110324393
2023-12-01,0.6058189108224676
2023-12-02,0.6130010434931292
2023-12-03,0.6205777815226358
2023-12-04,0.6231180551059444
2023-12-05,0.6244086756616258
2023-12-06,0.6217479099188722
2023-12-07,0.6417940161511841
2023-12-08,0.643096816218413
2023-12-09,0.6737415520210336
2023-12-10,0.6589222499084937
2023-12-11,0.6615597705456061
2023-12-12,0.6195589019990316
2023-12-13,0.6190431290690513
2023-12-14,0.6281203011527012
2023-12-15,0.6321984476459265
2023-12-16,0.6151885755173983
2023-12-17,0.6196883061852944
2023-12-18,0.6100285893571271
2023-12-19,0.6125333400569155
2023-12-20,0.6047003387381882
2023-12-21,0.6166326094714389
2023-12-22,0.62343549697752
2023-12-23,0.6251276873999784
2023-12-24,0.6197095434300115
2023-12-25,0.6133475295925358
2023-12-26,0.6470876013660011
2023-12-27,0.6216348445072681
2023-12-28,0.635060919830047
2023-12-29,0.6346975136885982
2023-12-30,0.6230727903756257
2023-12-31,0.6217721667534301
2024-01-01,0.6135560601066552
2024-01-02,0.6296830385207044
2024-01-03,0.6278857937694052
2024-01-04,0.5824243596025832
2024-01-05,0.5872262385238018
2024-01-06,0.5758983864443551
2024-01-07,0.5679216647603572
2024-01-08,0.5518039675917262
2024-01-09,0.5773960010046552
2024-01-10,0.5664177067521137
2024-01-11,0.6003499915103494
2024-01-12,0.6014826396867949
2024-01-13,0.5716934604304549
2024-01-14,0.5747834912448581
2024-01-15,0.5757120992815301
2024-01-16,0.5762027030427425
2024-01-17,0.5758358445162653
2024-01-18,0.5679004069804041
2024-01-19,0.5516545791416465
2024-01-20,0.5439861751074253
2024-01-21,0.552715966960041
2024-01-22,0.5467948940837077
2024-01-23,0.5254414186122119
2024-01-24,0.5175697937341619
2024-01-25,0.5183638044206802
2024-01-26,0.5137858881051207
2024-01-27,0.5321126490083735
2024-01-28,0.5300126473861743
2024-01-29,0.5240514552654629
2024-01-30,0.5352891121547717
2024-01-31,0.5109143796227651
2024-02-01,0.5027970870235438
2024-02-02,0.5059532334439473
2024-02-03,0.5100665858558499
2024-02-04,0.5190243989290595
2024-02-05,0.5033199225800314
2024-02-06,0.5060746613187489
2024-02-07,0.5051095087758172
2024-02-08,0.513397690638616
2024-02-09,0.514070497125211
2024-02-10,0.5256892872132635
2024-02-11,0.5238153826465716
2024-02-12,0.5258798759142611
2024-02-13,0.5321642961374793
2024-02-14,0.5250580324436228
2024-02-15,0.5381650785592706
2024-02-16,0.562670832075339
2024-02-17,0.5651227438068549
2024-02-18,0.549953007159745
2024-02-19,0.5569989508396108
2024-02-20,0.5623610246980961
2024-02-21,0.5632911734985222
2024-02-22,0.5494809981825469
2024-02-23,0.5411904079951343
2024-02-24,0.5348561201928979
2024-02-25,0.5447789067331453
2024-02-26,0.5426078981817037
2024-02-27,0.5513003044164156
2024-02-28,0.5873753685082636
2024-02-29,0.5765292216052678
2024-03-01,0.5872867206934944
2024-03-02,0.6016177948889795
2024-03-03,0.6435751496240234
2024-03-04,0.6266994908696154
2024-03-05,0.6511778302883091
2024-03-06,0.5952832703420226
2024-03-07,0.6129159478882317
2024-03-08,0.628380182183506
2024-03-09,0.6214824363419392
2024-03-10,0.6225142290687391
2024-03-11,0.6085560455287963
2024-03-12,0.717049252482876
2024-03-13,0.6886932062458541
2024-03-14,0.6896545611989557
2024-03-15,0.6691754077171835
2024-03-16,0.6342637439068659
2024-03-17,0.6023073384430556
2024-03-18,0.6191470281067634
2024-03-19,0.6539066224226806
2024-03-20,0.5852400045025551
2024-03-21,0.6117015793252986
2024-03-22,0.6413290562765901
2024-03-23,0.6105734569688421
2024-03-24,0.6181207994500303
2024-03-25,0.6337118239432603
2024-03-26,0.6400376129032882
2024-03-27,0.6328659194902784
2024-03-28,0.612301666174284
2024-03-29,0.624080729099987
2024-03-30,0.6305848703146155
2024-03-31,0.6210104087173386
2024-04-01,0.6289626324319613
2024-04-02,0.6121526997891189
2024-04-03,0.5852372065222671
2024-04-04,0.5753905054850376
2024-04-05,0.5934624401692647
2024-04-06,0.5880582489371499
2024-04-07,0.593399180755894
2024-04-08,0.5946706032478942
2024-04-09,0.6155434564282665
2024-04-10,0.6136939377820809
2024-04-11,0.6173727496999488
2024-04-12,0.6088535069747201
2024-04-13,0.5484622507114363
2024-04-14,0.4808669999524838
2024-04-15,0.5051394506387745
2024-04-16,0.49745578757191317
2024-04-17,0.4964339164181767
2024-04-18,0.4947978579065567
2024-04-19,0.502630196282461
2024-04-20,0.5043368864906008
2024-04-21,0.5286489200145418
2024-04-22,0.5242693710717946
2024-04-23,0.5560803600247968
2024-04-24,0.5453395286462999
2024-04-25,0.5271463755065346
2024-04-26,0.5254278109474143
2024-04-27,0.5259415260233568
2024-04-28,0.5185389193383645
2024-04-29,0.5100104939611708
2024-04-30,0.5148709146825781
2024-05-01,0.5001775403025187
2024-05-02,0.5160164931063639
2024-05-03,0.5183776413164685
2024-05-04,0.5315301341407143
2024-05-05,0.5300105607936496
2024-05-06,0.5294979420549052
2024-05-07,0.5404023687654772
2024-05-08,0.5246883754721942
2024-05-09,0.5178240893599528
2024-05-10,0.5211118430130988
2024-05-11,0.5022257971759626
2024-05-12,0.5054656906230262
2024-05-13,0.49963901538682326
2024-05-14,0.5045344061884249
2024-05-15,0.49970267189552436
2024-05-16,0.5185941502760736
2024-05-17,0.5157962414707458
2024-05-18,0.5242031832330836
2024-05-19,0.5208113211838373
2024-05-20,0.509693996151629
2024-05-21,0.5372648118448927
2024-05-22,0.5370022098070341
2024-05-23,0.52654382108452
2024-05-24,0.5290688230890979
2024-05-25,0.5350915041339305
2024-05-26,0.5414632770632677
2024-05-27,0.5282323955100391
2024-05-28,0.5339956569298308
2024-05-29,0.5280899270598433
2024-05-30,0.5230226029339523
2024-05-31,0.5189280097690969
2024-06-01,0.5180167945986709
2024-06-02,0.5180393786089577
2024-06-03,0.5131175398510724
2024-06-04,0.5200612532272225
2024-06-05,0.5258777584003161
2024-06-06,0.5262661212762775
2024-06-07,0.5216726475276374
2024-06-08,0.4988605379449048
2024-06-09,0.49317326464941763
2024-06-10,0.4985482969313284
2024-06-11,0.4967328310559781
2024-06-12,0.4802545558189862
2024-06-13,0.4914241628785715
2024-06-14,0.4765170780323178
2024-06-15,0.4741099103256599
2024-06-16,0.4906270007378955
2024-06-17,0.4885851148218891
2024-06-18,0.5044345044736291
2024-06-19,0.49069018810554654
2024-06-20,0.49299634801731906
2024-06-21,0.4885909579945817
2024-06-22,0.48864418499319384
2024-06-23,0.48627259206597917
2024-06-24,0.47895949302593144
2024-06-25,0.4743096434475131
2024-06-26,0.47552676206522965
2024-06-27,0.46941827415664006
2024-06-28,0.47456899754763543
2024-06-29,0.470758119075824
2024-06-30,0.4716715444764822
2024-07-01,0.47544675090176786
2024-07-02,0.47641789703173076
2024-07-03,0.4844080973302866
2024-07-04,0.46683128830149545
2024-07-05,0.4337163650486699
2024-07-06,0.42539142101390903
2024-07-07,0.44887065803633486
2024-07-08,0.4191789178572198
2024-07-09,0.4314648922749528
2024-07-10,0.4357682635821839
2024-07-11,0.43888320261057695
2024-07-12,0.4493147618408148
2024-07-13,0.47500366588264975
2024-07-14,0.526839519388817
2024-07-15,0.5234292029632325
2024-07-16,0.5376616453581448
2024-07-17,0.5787634815013228
2024-07-18,0.6273851564998204
2024-07-19,0.5692287514689783
2024-07-20,0.5741558232605724
2024-07-21,0.595029933937848
2024-07-22,0.5980160389473247
2024-07-23,0.6074321975785351
2024-07-24,0.5981912825646556
2024-07-25,0.6185453553161305
2024-07-26,0.5997679317152131
2024-07-27,0.6038043973469951
2024-07-28,0.5977718576875165
2024-07-29,0.6021780816719867
2024-07-30,0.6013541874571906
2024-07-31,0.627331702923322
2024-08-01,0.6241359484378766
2024-08-02,0.5964948653083605
2024-08-03,0.5608211562625613
2024-08-04,0.5561223750845103
2024-08-05,0.523000237013472
2024-08-06,0.4902573980386893
2024-08-07,0.5045865751146787
2024-08-08,0.6047117740731156
2024-08-09,0.6180253163116132
2024-08-10,0.58183869938522
2024-08-11,0.5859665998030177
2024-08-12,0.5528843062140291
2024-08-13,0.5686121537491582
2024-08-14,0.5764397935244148
2024-08-15,0.568488461134045
2024-08-16,0.5611367072808928
2024-08-17,0.5639502515238202
2024-08-18,0.566181906156675
2024-08-19,0.5641402621351506
2024-08-20,0.5991141923286195
2024-08-21,0.594394755189024
2024-08-22,0.6003970672361606
2024-08-23,0.5976871187626694
2024-08-24,0.6102506382532653
2024-08-25,0.6139391687850385
2024-08-26,0.5995127578984722
2024-08-27,0.5872790171235059
2024-08-28,0.5670252246535126
2024-08-29,0.5696993284601568
2024-08-30,0.561506372583823
2024-08-31,0.5673490796111339
2024-09-01,0.5658008208842239
2024-09-02,0.5482578347068274
2024-09-03,0.5671557310315145
2024-09-04,0.5574298894520976
2024-09-05,0.5579234385989325
2024-09-06,0.5441098914201123
2024-09-07,0.5213130558804894
2024-09-08,0.5247980291815724
2024-09-09,0.5285291709201617
2024-09-10,0.5396089614101646
2024-09-11,0.5409989520278039
2024-09-12,0.5355035586141155
2024-09-13,0.5625110835184267
2024-09-14,0.5731586762437418
2024-09-15,0.5963129007980363
2024-09-16,0.5710582563848365
2024-09-17,0.5855052549961755
2024-09-18,0.5849889783458981
2024-09-19,0.5854354281725553
2024-09-20,0.5874083871859748
2024-09-21,0.5849389522523643
2024-09-22,0.5979982229214985
2024-09-23,0.5879476818374326
2024-09-24,0.585063893554206
2024-09-25,0.5914408518035444
2024-09-26,0.5838949675172452
2024-09-27,0.590001948405351
2024-09-28,0.5891149844820397
2024-09-29,0.6150093639492326
2024-09-30,0.6425919277698904
2024-10-01,0.6119339379239672
2024-10-02,0.5974675047314544
2024-10-03,0.5388310673967639
2024-10-04,0.5216590897682057
2024-10-05,0.5347464951856385
2024-10-06,0.529571423116506
2024-10-07,0.5331799843165047
2024-10-08,0.5298164990025274
2024-10-09,0.5304632864784646
2024-10-10,0.5241586802763855
2024-10-11,0.5296651744741632
2024-10-12,0.5383034205225485
2024-10-13,0.5395284850689778
2024-10-14,0.5316807964040682
2024-10-15,0.5476009966197044
2024-10-16,0.5409632993649031
2024-10-17,0.5479583804429464
2024-10-18,0.5437042949601256
2024-10-19,0.5465644502575023
2024-10-20,0.5443283945989427
2024-10-21,0.5465831979073458
2024-10-22,0.5445056512310072
2024-10-23,0.5335396650481757
2024-10-24,0.5258264655883778
2024-10-25,0.5320282424020402
2024-10-26,0.500895433917532
2024-10-27,0.5124799627206477
2024-10-28,0.51635641669338
2024-10-29,0.5191002715669417
2024-10-30,0.528517656350638
2024-10-31,0.5226520345867254
2024-11-01,0.5091122552105335
2024-11-02,0.5131424762844533
2024-11-03,0.5097643435439516
2024-11-04,0.5030000429314513
2024-11-05,0.5028741495746917
2024-11-06,0.5128033591125852
2024-11-07,0.5424824356184882
2024-11-08,0.5543554525216197
2024-11-09,0.5540941347726905
2024-11-10,0.5574298820177034
2024-11-11,0.5894389337521334
2024-11-12,0.6193846945256621
2024-11-13,0.7125696384831737
2024-11-14,0.6911785818007724
2024-11-15,0.7740480569596668
2024-11-16,0.8907551084456163
2024-11-17,1.1228963632747573
2024-11-18,1.0602237280952598
2024-11-19,1.1193660942144246
2024-11-20,1.1012126123074732
2024-11-21,1.107063129231089
2024-11-22,1.2323909552423495
2024-11-23,1.4608507832127549
2024-11-24,1.4647330527827664
2024-11-25,1.4316792853395408
2024-11-26,1.413864313999175
2024-11-27,1.3995450660087485
2024-11-28,1.4723732146032762
2024-11-29,1.5321753824792639
2024-11-30,1.8089606822663937
2024-12-01,1.9394127481300492
2024-12-02,2.286339588570724
2024-12-03,2.7088474745217135
2024-12-04,2.5319240970814882
2024-12-05,2.3476333135494314
2024-12-06,2.254523485462072
2024-12-07,2.4172260514832065
2024-12-08,2.5927269695998327
2024-12-09,2.6181421664576834
2024-12-10,2.2158470487122726
2024-12-11,2.353484807585262
2024-12-12,2.4008764282936887
2024-12-13,2.342883102571944
2024-12-14,2.420254114567228
2024-12-15,2.3977637797048517
2024-12-16,2.4558394900030756
2024-12-17,2.4936338652184777
2024-12-18,2.5561912510090092
2024-12-19,2.2976668809594236
2024-12-20,2.255279457563669
2024-12-21,2.273996883525255
2024-12-22,2.236596962769888
2024-12-23,2.1983060900755347
2024-12-24,2.2548840492056637
2024-12-25,2.3273593261078007
2024-12-26,2.2971897897775637
2024-12-27,2.154071423410433
2024-12-28,2.14158677198617
2024-12-29,2.180869510101245
2024-12-30,2.095671915727654
2024-12-31,2.056730467743344
2025-01-01,2.079333460354608
2025-01-02,2.315149796797427
2025-01-03,2.40463192614464
2025-01-04,2.4548598712183725
2025-01-05,2.4239342995923985
2025-01-06,2.403897929295378
2025-01-07,2.4191703139906173
2025-01-08,2.277173382256464
2025-01-09,2.3749601881392275
2025-01-10,2.2766790697699415
2025-01-11,2.34255697398572
2025-01-12,2.5750017025465097
2025-01-13,2.506265236852104
2025-01-14,2.521790688596697
2025-01-15,2.665683799958985
2025-01-16,3.1717669545860816
2025-01-17,3.2435591355149156
2025-01-18,3.3071606262102122
2025-01-19,3.2791397325625398
2025-01-20,2.9594983276278826
2025-01-21,3.0942466604471988
2025-01-22,3.17189708695212
2025-01-23,3.165211637985352
2025-01-24,3.1221750787983638
2025-01-25,3.1030936929352904
2025-01-26,3.1112088914665423
2025-01-27,3.0173114670832017
2025-01-28,3.050802421938607
2025-01-29,3.0611147556516607
2025-01-30,3.0691756838533526
2025-01-31,3.1319365812312867
2025-02-01,3.0378089439522897
2025-02-02,2.8808649918084224
2025-02-03,2.5701343337873217
2025-02-04,2.692671869551836
2025-02-05,2.5396358959727894
2025-02-06,2.382739358632423
2025-02-07,2.3220918869431886
2025-02-08,2.392435922501591
2025-02-09,2.4256391631678023
2025-02-10,2.3984218500627317
2025-02-11,2.4205102148292257
2025-02-12,2.415999707081464
2025-02-13,2.471858085297504
2025-02-14,2.5469915483007073
2025-02-15,2.7396888464817004
2025-02-16,2.761982091436805
2025-02-17,2.7251894289423855
2025-02-18,2.657177556541445
2025-02-19,2.5598643991689105
2025-02-20,2.735199200390807
2025-02-21,2.692229831317779
2025-02-22,2.5717797656907977
2025-02-23,2.575864230459674
2025-02-24,2.5798851271909053
2025-02-25,2.276184020826259
2025-02-26,2.3223450440589835
2025-02-27,2.189561722001525
2025-02-28,2.198289525306682
2025-03-01,2.1465990447641925
2025-03-02,2.1894731626978965
2025-03-03,2.9400745785854188
2025-03-04,2.388920229250619
2025-03-05,2.457837324155463
2025-03-06,2.499863067769013
2025-03-07,2.5997307467157778
2025-03-08,2.380727791456965
2025-03-09,2.3242332249590425
2025-03-10,2.1362635270101267
2025-03-11,2.029057833175655
2025-03-12,2.169350707525431
2025-03-13,2.2417249293681443
2025-03-14,2.2504187411894
2025-03-15,2.3564128660327603
2025-03-16,2.392285579817487
2025-03-17,2.3009096388651695
2025-03-18,2.3408005213311123
2025-03-19,2.2893484606821164
2025-03-20,2.5520572493716633
2025-03-21,2.4346891248225995
2025-03-22,2.381259233831182
2025-03-23,2.3671814913704625
2025-03-24,2.4358937819105337
2025-03-25,2.4467862393977193
2025-03-26,2.4520786954901945
2025-03-27,2.349686594688749
2025-03-28,2.339530083958925
2025-03-29,2.2038347130132383
2025-03-30,2.1388622985209467
2025-03-31,2.135945706762188
2025-04-01,2.0905159571547878
2025-04-02,2.140991043686336
2025-04-03,2.030360837075233
2025-04-04,2.0641704630367608
2025-04-05,2.1277037304012105
2025-04-06,2.148561695180789
2025-04-07,1.9232068608073252
2025-04-08,1.8972731944488423
2025-04-09,1.791941720267648
2025-04-10,2.0504426400353335
2025-04-11,1.96981883924698
2025-04-12,2.0237864771088336
2025-04-13,2.156688589695265
2025-04-14,2.118179146058531
2025-04-15,2.127444298086899
2025-04-16,2.087166740701441
2025-04-17,2.0835198434155506
2025-04-18,2.0677436115822867
2025-04-19,2.062691684044618
2025-04-20,2.0855273823856817
2025-04-21,2.0747196454629124
2025-04-22,2.0806696781556395
2025-04-23,2.221159426695198
2025-04-24,2.217823599038466
2025-04-25,2.206600349886956
2025-04-26,2.1852873809524738
2025-04-27,2.1932493737799863
2025-04-28,2.2566771719971905
2025-04-29,2.2959679622378415
2025-04-30,2.2399407863578777
2025-05-01,2.1934727928877984
2025-05-02,2.2143085222346612
2025-05-03,2.2089170454344824
2025-05-04,2.188707355411367
2025-05-05,2.1580623583353407
2025-05-06,2.1371617409153263
2025-05-07,2.1553467775958843
2025-05-08,2.1289110212370352
2025-05-09,2.318857034757937
2025-05-10,2.34260418658349
2025-05-11,2.465515991652043
2025-05-12,2.3665185406774456
2025-05-13,2.5407166812994824
2025-05-14,2.5882656119238727
2025-05-15,2.552660064054796
2025-05-16,2.3780203600308965
2025-05-17,2.387491166631724
2025-05-18,2.352615765613394
2025-05-19,2.4178990437197814
2025-05-20,2.3808727609208282
2025-05-21,2.356578233921423
2025-05-22,2.4028996266349396
2025-05-23,2.4284164339274192
2025-05-24,2.2991928362328755
2025-05-25,2.3319094660057416
2025-05-26,2.3405861862412927
2025-05-27,2.3082922649115565
2025-05-28,2.3186677687774426
2025-05-29,2.2746048552552507
2025-05-30,2.2505538163676135
2025-05-31,2.1423194738068942
2025-06-01,2.177000081626197
2025-06-02,2.1802830722675224
2025-06-03,2.2004265864927537
2025-06-04,2.2486280245071963
2025-06-05,2.202322198067478
2025-06-06,2.0970164299223453
2025-06-07,2.163852346114403
2025-06-08,2.1779065492597427
2025-06-09,2.2629632981656744
2025-06-10,2.321075765224377
2025-06-11,2.305016386019404
2025-06-12,2.2701428874939213
2025-06-13,2.1954298391805
2025-06-14,2.148866270593598
2025-06-15,2.141891800480294
2025-06-16,2.166318490313782
2025-06-17,2.255537416572947
2025-06-18,2.1632317759396993
2025-06-19,2.1686830671349613
2025-06-20,2.166239439916603
2025-06-21,2.1201128146436803
2025-06-22,2.044379922195215
2025-06-23,2.013512764553698
2025-06-24,2.1640075102022664
2025-06-25,2.1890368617248566
2025-06-26,2.1839169388853152
2025-06-27,2.105597069865388
2025-06-28,2.140945561649059
2025-06-29,2.185743305637095
2025-06-30,2.2080779439640237
2025-07-01,2.2397868943055363
2025-07-02,2.171453605552325
2025-07-03,2.234339504341481
2025-07-04,2.2565985381225446
2025-07-05,2.220660517934634
2025-07-06,2.2177115630108464
2025-07-07,2.2711234551626793
2025-07-08,2.275084085302051
2025-07-09,2.3106154308712163
2025-07-10,2.405267395272407
2025-07-11,2.5456780481070833
2025-07-12,2.735777793849028
2025-07-13,2.7403085663356155
2025-07-14,2.836943449825265
2025-07-15,2.954285567242737
2025-07-16,2.917723690315136
2025-07-17,3.0408154279719146
2025-07-18,3.494535310837583
2025-07-19,3.417044710420229
2025-07-20,3.43091157808989
2025-07-21,3.455651421168503
2025-07-22,3.55629271011838
2025-07-23,3.5512409390828505
2025-07-24,3.1784172529582473
2025-07-25,3.1443151661109243
2025-07-26,3.1383147630505817
2025-07-27,3.167241692335099
2025-07-28,3.232752992185551
2025-07-29,3.1234939366799126
2025-07-30,3.1280707477497427
2025-07-31,3.0996192442543777
2025-08-01,3.0232512791444304
2025-08-02,2.9619031982658726
2025-08-03,2.769267387192411
2025-08-04,2.9486352217251337
2025-08-05,3.0727905982283095
2025-08-06,2.9649981287242557
2025-08-07,2.992045726720115
2025-08-08,3.3154332521736825
2025-08-09,3.288160253111489
2025-08-10,3.229511537620619
2025-08-11,3.1838901988281205
2025-08-12,3.1394273590070134
2025-08-13,3.26747236546907
2025-08-14,3.2866811377117644
2025-08-15,3.0872106726905346
2025-08-16,3.0773729481839958
2025-08-17,3.106969288649059
2025-08-18,3.0953855433967075
2025-08-19,3.060621197547626
2025-08-20,2.8587366392387112
2025-08-21,2.952309340790555
2025-08-22,2.8498230079250755
2025-08-23,3.0732747821154365
2025-08-24,3.0458254666203546
2025-08-25,3.02786808477519
2025-08-26,2.862667277824852
2025-08-27,3.011834539503525
2025-08-28,2.9671217194399038
2025-08-29,2.9671844322262273
2025-08-30,2.823231531748928
2025-08-31,2.8166293700860887
2025-09-01,2.776712609891609
2025-09-02,2.752094842681695
2025-09-03,2.861352340590463
2025-09-04,2.8440111306765328
2025-09-05,2.797620314598713
2025-09-06,2.8160947139230124
2025-09-07,2.8106516044524614
2025-09-08,2.881098102223723
2025-09-09,2.9693752178894965
2025-09-10,2.94711316566773
2025-09-11,2.9831115371091697
2025-09-12,3.042189592870322
2025-09-13,3.1075619727179338
2025-09-14,3.1226735093963653
2025-09-15,3.0312637323512215
2025-09-16,2.9940861270543375
2025-09-17,3.0381334165695297
2025-09-18,3.083983468328553
2025-09-19,3.0778034182571985
2025-09-20,2.9911678094786853
2025-09-21,2.9767316725840836
2025-09-22,2.9733496913212485
2025-09-23,2.851139194678168
2025-09-24,2.8290556379505225
2025-09-25,2.9285889681239876
2025-09-26,2.7391226387021668
2025-09-27,2.78626651562758
2025-09-28,2.8077761197607156
2025-09-29,2.864956739306865
2025-09-30,2.8820677870561946
2025-10-01,2.844933401817261
2025-10-02,2.94479751207665
2025-10-03,3.0371524340279654
2025-10-04,3.0413663901904453
2025-10-05,2.9697246277119143
2025-10-06,2.970720012302302
2025-10-07,2.991602626695257
2025-10-08,2.857057632365177
2025-10-09,2.8805684212620997
2025-10-10,2.8050759101908103
2025-10-11,2.3838350726730484
2025-10-12,2.3859045362580757
2025-10-13,2.5312630934147733
2025-10-14,2.60498951616126
2025-10-15,2.5061812994119887
2025-10-16,2.4107851679488945
2025-10-17,2.3252186675017006
2025-10-18,2.2957327819062083
2025-10-19,2.3596315316088416
2025-10-20,2.389625527633369
2025-10-21,2.490117031449711
2025-10-22,2.4235930180546776
2025-10-23,2.3631248548137456
2025-10-24,2.3942046738111324
2025-10-25,2.504825180033832
2025-10-26,2.593725390920985
2025-10-27,2.645881508384711
2025-10-28,2.6352743169545323
2025-10-29,2.607884184498703
2025-10-30,2.5521455809931615
2025-10-31,2.4373365011802233
2025-11-01,2.5081131316915473
2025-11-02,2.504613534721328
2025-11-03,2.527623366103904
2025-11-04,2.3075208080429306
2025-11-05,2.2139228610122434
2025-11-06,2.3468300424460398
2025-11-07,2.2091841302505792
2025-11-08,2.315839328722371
2025-11-09,2.2848817063829197
2025-11-10,2.366057070769261
2025-11-11,2.5281078242198647
2025-11-12,2.390172266260892
2025-11-13,2.3832389457846697
2025-11-14,2.331388577331738
2025-11-15,2.2488473348561304
2025-11-16,2.235455773730874
2025-11-17,2.218219988506596
2025-11-18,2.160590388035999
2025-11-19,2.2139034771189343
2025-11-20,2.1066834909527383
2025-11-21,2.0000407183731164
2025-11-22,1.950091461265794
2025-11-23,1.9508235490170465
2025-11-24,2.0449210167731326
2025-11-25,2.2241484224164743
2025-11-26,2.1989437346568153
2025-11-27,2.224254821804325
2025-11-28,2.201122232723185
2025-11-29,2.180631384763347
2025-11-30,2.2028096835323647
2025-12-01,2.1652461437750383
2025-12-02,2.0310598795228767
2025-12-03,2.1570887957334866
2025-12-04,2.203321627854195
2025-12-05,2.0971829811461946
2025-12-06,2.0358303092663843
2025-12-07,2.0326777775330633
2025-12-08,2.039660348972326
2025-12-09,2.073039044939783
2025-12-10,2.1094322825594976
2025-12-11,2.0443398468981213
2025-12-12,2.036028301991718
2025-12-13,2.009806618706698
2025-12-14,2.0236207828673027
2025-12-15,1.9808608019799367
2025-12-16,1.8967832092786066
2025-12-17,1.92957963013441
2025-12-18,1.8617053529191656
2025-12-19,1.8076154274178682
2025-12-20,1.9061295130778346
2025-12-21,1.9319648860420446
2025-12-22,1.9229550458561633
2025-12-23,1.9022227646374048
2025-12-24,1.8732711631167218
2025-12-25,1.8619926573243448
2025-12-26,1.8316249623782512
2025-12-27,1.8429652913700634
2025-12-28,1.8733931841347928
2025-12-29,1.8645585666057287
2025-12-30,1.8475397987365316
2025-12-31,1.875100431832473
2026-01-01,1.839340516228945
2026-01-02,1.876580133618003
2026-01-03,2.0067430670680815
2026-01-04,2.0175062731579767
2026-01-05,2.090232038436175
2026-01-06,2.357096532639873
2026-01-07,2.306181895074802
2026-01-08,2.1647432080023226
2026-01-09,2.1251717689023337
2026-01-10,2.0927673320195863
2026-01-11,2.088652195195928
2026-01-12,2.0697438242842803
2026-01-13,2.0521552957803872
2026-01-14,2.1573149435015675
2026-01-15,2.139155616612297
2026-01-16,2.077452437224596
2026-01-17,2.068150596847967
2026-01-18,2.0617458056300615
2026-01-19,1.9952673135379637
2026-01-20,1.9884649839518649
2026-01-21,1.8875376220238804
2026-01-22,1.9437698220745168
2026-01-23,1.9204225104332826
2026-01-24,1.9194180431938297
2026-01-25,1.9133958344258726
2026-01-26,1.8327098897122869
2026-01-27,1.9041128051204959
2026-01-28,1.9156777360466681
2026-01-29,1.9072302990012404
2026-01-30,1.8050831186611875
2026-01-31,1.7327720854202893
2026-02-01,1.6436658882901531
2026-02-02,1.5944442621009838
2026-02-03,1.6206030260795774
2026-02-04,1.5725414380096223
2026-02-05,1.5170558553904752
2026-02-06,1.2161107578407648
2026-02-07,1.4690800575209597
2026-02-08,1.4252152762524186
2026-02-09,1.4349694710334944
2026-02-10,1.4388979885580568
2026-02-11,1.3997611232740155
2026-02-12,1.3675262189821478
2026-02-13,1.3613529875277222
